Country,Time,LogDiff-HICP (SA),AR(1)detrend-Call Money/Interbank Immediate (%),AR(1)detrend-10-Year Gov Bond Yields (%)
JP,1950-12,,,
JP,1951-01,,,
JP,1951-02,,,
JP,1951-03,,,
JP,1951-04,,,
JP,1951-05,,,
JP,1951-06,,,
JP,1951-07,,,
JP,1951-08,,,
JP,1951-09,,,
JP,1951-10,,,
JP,1951-11,,,
JP,1951-12,,,
JP,1952-01,,,
JP,1952-02,,,
JP,1952-03,,,
JP,1952-04,,,
JP,1952-05,,,
JP,1952-06,,,
JP,1952-07,,,
JP,1952-08,,,
JP,1952-09,,,
JP,1952-10,,,
JP,1952-11,,,
JP,1952-12,,,
JP,1953-01,,,
JP,1953-02,,,
JP,1953-03,,,
JP,1953-04,,,
JP,1953-05,,,
JP,1953-06,,,
JP,1953-07,,,
JP,1953-08,,,
JP,1953-09,,,
JP,1953-10,,,
JP,1953-11,,,
JP,1953-12,,,
JP,1954-01,,,
JP,1954-02,,,
JP,1954-03,,,
JP,1954-04,,,
JP,1954-05,,,
JP,1954-06,,,
JP,1954-07,,,
JP,1954-08,,,
JP,1954-09,,,
JP,1954-10,,,
JP,1954-11,,,
JP,1954-12,,,
JP,1955-01,,,
JP,1955-02,,,
JP,1955-03,,,
JP,1955-04,,,
JP,1955-05,,,
JP,1955-06,,,
JP,1955-07,,,
JP,1955-08,,,
JP,1955-09,,,
JP,1955-10,,,
JP,1955-11,,,
JP,1955-12,,,
JP,1956-01,,,
JP,1956-02,,,
JP,1956-03,,,
JP,1956-04,,,
JP,1956-05,,,
JP,1956-06,,,
JP,1956-07,,,
JP,1956-08,,,
JP,1956-09,,,
JP,1956-10,,,
JP,1956-11,,,
JP,1956-12,,,
JP,1957-01,,,
JP,1957-02,,,
JP,1957-03,,,
JP,1957-04,,,
JP,1957-05,,,
JP,1957-06,,,
JP,1957-07,,,
JP,1957-08,,,
JP,1957-09,,,
JP,1957-10,,,
JP,1957-11,,,
JP,1957-12,,,
JP,1958-01,,,
JP,1958-02,,,
JP,1958-03,,,
JP,1958-04,,,
JP,1958-05,,,
JP,1958-06,,,
JP,1958-07,,,
JP,1958-08,,,
JP,1958-09,,,
JP,1958-10,,,
JP,1958-11,,,
JP,1958-12,,,
JP,1959-01,,,
JP,1959-02,,,
JP,1959-03,,,
JP,1959-04,,,
JP,1959-05,,,
JP,1959-06,,,
JP,1959-07,,,
JP,1959-08,,,
JP,1959-09,,,
JP,1959-10,,,
JP,1959-11,,,
JP,1959-12,,,
JP,1960-01,,,
JP,1960-02,,,
JP,1960-03,,,
JP,1960-04,,,
JP,1960-05,,,
JP,1960-06,,,
JP,1960-07,,,
JP,1960-08,,,
JP,1960-09,,,
JP,1960-10,,,
JP,1960-11,,,
JP,1960-12,,,
JP,1961-01,,,
JP,1961-02,,,
JP,1961-03,,,
JP,1961-04,,,
JP,1961-05,,,
JP,1961-06,,,
JP,1961-07,,,
JP,1961-08,,,
JP,1961-09,,,
JP,1961-10,,,
JP,1961-11,,,
JP,1961-12,,,
JP,1962-01,,,
JP,1962-02,,,
JP,1962-03,,,
JP,1962-04,,,
JP,1962-05,,,
JP,1962-06,,,
JP,1962-07,,,
JP,1962-08,,,
JP,1962-09,,,
JP,1962-10,,,
JP,1962-11,,,
JP,1962-12,,,
JP,1963-01,,,
JP,1963-02,,,
JP,1963-03,,,
JP,1963-04,,,
JP,1963-05,,,
JP,1963-06,,,
JP,1963-07,,,
JP,1963-08,,,
JP,1963-09,,,
JP,1963-10,,,
JP,1963-11,,,
JP,1963-12,,,
JP,1964-01,,,
JP,1964-02,,,
JP,1964-03,,,
JP,1964-04,,,
JP,1964-05,,,
JP,1964-06,,,
JP,1964-07,,,
JP,1964-08,,,
JP,1964-09,,,
JP,1964-10,,,
JP,1964-11,,,
JP,1964-12,,,
JP,1965-01,,,
JP,1965-02,,,
JP,1965-03,,,
JP,1965-04,,,
JP,1965-05,,,
JP,1965-06,,,
JP,1965-07,,,
JP,1965-08,,,
JP,1965-09,,,
JP,1965-10,,,
JP,1965-11,,,
JP,1965-12,,,
JP,1966-01,,,
JP,1966-02,,,
JP,1966-03,,,
JP,1966-04,,,
JP,1966-05,,,
JP,1966-06,,,
JP,1966-07,,,
JP,1966-08,,,
JP,1966-09,,,
JP,1966-10,,,
JP,1966-11,,,
JP,1966-12,,,
JP,1967-01,,,
JP,1967-02,,,
JP,1967-03,,,
JP,1967-04,,,
JP,1967-05,,,
JP,1967-06,,,
JP,1967-07,,,
JP,1967-08,,,
JP,1967-09,,,
JP,1967-10,,,
JP,1967-11,,,
JP,1967-12,,,
JP,1968-01,,,
JP,1968-02,,,
JP,1968-03,,,
JP,1968-04,,,
JP,1968-05,,,
JP,1968-06,,,
JP,1968-07,,,
JP,1968-08,,,
JP,1968-09,,,
JP,1968-10,,,
JP,1968-11,,,
JP,1968-12,,,
JP,1969-01,,,
JP,1969-02,,,
JP,1969-03,,,
JP,1969-04,,,
JP,1969-05,,,
JP,1969-06,,,
JP,1969-07,,,
JP,1969-08,,,
JP,1969-09,,,
JP,1969-10,,,
JP,1969-11,,,
JP,1969-12,,,
JP,1970-01,,,
JP,1970-02,5.937578906327268,,
JP,1970-03,11.013942294327705,,
JP,1970-04,5.742227855143867,,
JP,1970-05,1.9085464579122302,,
JP,1970-06,4.057836379711155,,
JP,1970-07,5.728616892525551,,
JP,1970-08,2.679920309195616,,
JP,1970-09,13.223121968482943,,
JP,1970-10,3.1256770579865645,,
JP,1970-11,6.933229557881226,,
JP,1970-12,7.413406935174294,,
JP,1971-01,9.98358713226093,,
JP,1971-02,4.215407751281575,,
JP,1971-03,0.5135238232837125,,
JP,1971-04,7.12288575519775,,
JP,1971-05,8.910193154031987,,
JP,1971-06,7.838994228454155,,
JP,1971-07,6.197427480999096,,
JP,1971-08,4.675873746604253,,
JP,1971-09,24.835502787985142,,
JP,1971-10,-18.91902751370136,,
JP,1971-11,4.292580256351641,,
JP,1971-12,6.727687995759268,,
JP,1972-01,-5.091494878559644,,
JP,1972-02,9.22841716237155,,
JP,1972-03,6.122866977844055,,
JP,1972-04,4.6353658408049725,,
JP,1972-05,8.576601426589292,,
JP,1972-06,4.586102876556808,,
JP,1972-07,6.672049327702467,,
JP,1972-08,15.315832004939622,,
JP,1972-09,2.44847549951821,,
JP,1972-10,-20.979154594562566,,
JP,1972-11,18.978224342941985,,
JP,1972-12,21.22250190530366,,
JP,1973-01,3.162723395560718,,
JP,1973-02,7.304747027967373,,
JP,1973-03,26.389577920925333,,
JP,1973-04,12.057163538314342,,
JP,1973-05,24.247818043650327,,
JP,1973-06,8.393691493634314,,
JP,1973-07,16.137136152509335,,
JP,1973-08,16.23229314929553,,
JP,1973-09,26.046595797424033,,
JP,1973-10,-23.983093010595802,,
JP,1973-11,36.071734693684654,,
JP,1973-12,50.65487606056287,,
JP,1974-01,39.84798724466447,,
JP,1974-02,34.66139300215101,,
JP,1974-03,5.5339804418462535,,
JP,1974-04,18.203955651268267,,
JP,1974-05,10.254550008257901,,
JP,1974-06,14.08552976364863,,
JP,1974-07,28.07252356763783,,
JP,1974-08,22.11905488541177,,
JP,1974-09,4.766803527425445,,
JP,1974-10,-1.1751095531309375,,
JP,1974-11,41.43341709248567,,
JP,1974-12,12.119755132564336,,
JP,1975-01,0.8348006449251599,,
JP,1975-02,-1.6817033658854896,,
JP,1975-03,9.902758578734883,,
JP,1975-04,8.053070372052318,,
JP,1975-05,11.978583444483526,,
JP,1975-06,7.012826747921963,,
JP,1975-07,8.993676590958621,,
JP,1975-08,11.51925120077717,,
JP,1975-09,7.475966160005676,,
JP,1975-10,3.423749847846125,,
JP,1975-11,14.722554225442863,,
JP,1975-12,9.23746179621503,,
JP,1976-01,12.04815917014912,,
JP,1976-02,4.274394871340448,,
JP,1976-03,3.9531325246088045,,
JP,1976-04,14.89835672108768,,
JP,1976-05,8.07608582863395,,
JP,1976-06,9.187781488594737,,
JP,1976-07,11.386034628219477,,
JP,1976-08,2.961611572191103,,
JP,1976-09,13.258028051352966,,
JP,1976-10,1.0312441497784874,,
JP,1976-11,14.907521953340819,,
JP,1976-12,21.746321392397405,,
JP,1977-01,3.8541253993127356,,
JP,1977-02,5.3464343982774665,,
JP,1977-03,2.7129619867810817,,
JP,1977-04,7.760099929666353,,
JP,1977-05,12.826429748610124,,
JP,1977-06,3.3817835418339826,,
JP,1977-07,-1.1875251678720389,,
JP,1977-08,6.834999420411236,,
JP,1977-09,5.177749656902364,,
JP,1977-10,7.5233600115545585,,
JP,1977-11,0.6329832424729176,,
JP,1977-12,5.006571523504277,,
JP,1978-01,1.968901201397344,,
JP,1978-02,2.7989826586903632,,
JP,1978-03,5.648069453020099,,
JP,1978-04,1.284078231399377,,
JP,1978-05,6.6579556040146315,,
JP,1978-06,0.6952435373030141,,
JP,1978-07,9.119928764951268,,
JP,1978-08,5.2903956061960855,,
JP,1978-09,-0.1476240327527023,,
JP,1978-10,2.7836750379034214,,
JP,1978-11,1.508511093085474,,
JP,1978-12,6.518425826268981,,
JP,1979-01,2.5239106747008577,,
JP,1979-02,-9.498364629428124,,
JP,1979-03,7.89219047949139,,
JP,1979-04,3.152481823140718,,
JP,1979-05,7.427200943741141,,
JP,1979-06,7.194136286106101,,
JP,1979-07,17.843434667877744,,
JP,1979-08,-10.992249358520567,,
JP,1979-09,3.1130556348319516,,
JP,1979-10,15.048225842547325,,
JP,1979-11,4.212636282266757,,
JP,1979-12,16.98817193413298,,
JP,1980-01,10.611245998650887,,
JP,1980-02,6.272709162923107,,
JP,1980-03,5.9972041910427265,,
JP,1980-04,11.568105756530045,,
JP,1980-05,5.355635421544491,,
JP,1980-06,8.661159788711714,,
JP,1980-07,10.67814733454604,,
JP,1980-08,-1.5936577568488985,,
JP,1980-09,6.538848258247043,,
JP,1980-10,3.8373575109101665,,
JP,1980-11,7.806639869142984,,
JP,1980-12,3.9403981899639007,,
JP,1981-01,12.983255058948018,,
JP,1981-02,-2.4668757674440656,,
JP,1981-03,3.352993634053547,,
JP,1981-04,0.6062505687864927,,
JP,1981-05,6.096908812660828,,
JP,1981-06,4.036742119352965,,
JP,1981-07,7.07807742217561,,
JP,1981-08,-1.7044999169883113,,
JP,1981-09,3.778297520609186,,
JP,1981-10,2.9582105211417797,,
JP,1981-11,2.9208684385604755,,
JP,1981-12,7.932953874384552,,
JP,1982-01,-0.05433988005378865,,
JP,1982-02,0.6222169096119501,,
JP,1982-03,0.2724961091992384,,
JP,1982-04,3.288935999052356,,
JP,1982-05,-1.6010148982612549,,
JP,1982-06,4.982985311366761,,
JP,1982-07,-0.16190195784453465,,
JP,1982-08,13.871820448231631,,
JP,1982-09,4.9997815162672765,,
JP,1982-10,-1.1894956027294512,,
JP,1982-11,-4.885361863645343,,
JP,1982-12,2.53821145558355,,
JP,1983-01,1.0132615957321178,,
JP,1983-02,-0.304374754095349,,
JP,1983-03,3.400896472127357,,
JP,1983-04,1.4960102177404622,,
JP,1983-05,6.110574419858139,,
JP,1983-06,-1.0124843459550448,,
JP,1983-07,0.769615136191959,,
JP,1983-08,2.994213450357819,,
JP,1983-09,0.9832894894888256,,
JP,1983-10,4.1873404964679395,,
JP,1983-11,1.1739966844473315,,
JP,1983-12,-1.9524876246372003,,
JP,1984-01,4.569052234015203,,
JP,1984-02,11.658854176168632,,
JP,1984-03,-2.1603682266068347,,
JP,1984-04,-1.3880364689047298,,
JP,1984-05,3.907738380695136,,
JP,1984-06,-2.1689894446502933,,
JP,1984-07,5.948452277966609,,
JP,1984-08,-4.074119023558254,,
JP,1984-09,9.23398775048021,,
JP,1984-10,0.13123039936644432,,
JP,1984-11,2.345006900736024,,
JP,1984-12,4.462734023723058,,
JP,1985-01,4.808394700410545,,
JP,1985-02,-1.3868517882993814,,
JP,1985-03,-0.33469689048750695,,
JP,1985-04,3.603705531650192,,
JP,1985-05,-1.9757338703229266,,
JP,1985-06,5.766054512303143,,
JP,1985-07,5.197059622393496,,
JP,1985-08,2.1410641518020412,-0.1144099156306373,
JP,1985-09,-6.76563333506941,0.3028837049055646,
JP,1985-10,6.064629109322794,0.21815959085567638,
JP,1985-11,-2.1829598185373555,0.8152135741596753,
JP,1985-12,2.4403971494695753,0.8870219054623991,
JP,1986-01,7.509496060752241,-1.1271250095099878,
JP,1986-02,0.7316522881033904,-0.9599802798717025,
JP,1986-03,-5.688228668656237,-0.21896263596352483,
JP,1986-04,-2.5225774052710648,-0.7399115124094804,
JP,1986-05,0.8030460337398182,-0.5250743393455108,
JP,1986-06,-1.9555953316654495,0.16290418447709154,
JP,1986-07,0.746688272024798,0.14534379082230053,
JP,1986-08,-0.11522911025885207,0.08712870374334081,
JP,1986-09,-1.2565906655854775,0.12162209078436703,
JP,1986-10,-2.5583577473767605,-0.181100917563632,
JP,1986-11,1.64524894847915,-0.5926472584327227,
JP,1986-12,-1.1408884288606203,0.44399898694113427,
JP,1987-01,0.02303263793770327,0.05261055912356838,
JP,1987-02,1.936210559181717,-0.0162613613747018,
JP,1987-03,-0.15642387144083614,-0.24770714457552634,
JP,1987-04,3.4988509589052086,-0.24297412030229637,
JP,1987-05,-1.280127426424471,-0.38698204638865885,
JP,1987-06,1.6979698391583753,0.04053152977205077,
JP,1987-07,-0.0834470015583122,0.016529668611037884,
JP,1987-08,1.4061300471489346,0.048827371346670034,
JP,1987-09,3.903868204904626,0.2279945400469794,
JP,1987-10,-3.019481800271606,0.016350425033626603,
JP,1987-11,1.0909983823943037,0.05723232575281134,
JP,1987-12,2.3270000385043232,0.4613552173532236,
JP,1988-01,-0.19858372110448386,-0.2238627150237269,
JP,1988-02,-0.8807900160626048,-0.08210929420531254,
JP,1988-03,0.6505343320263535,0.21934092143770556,
JP,1988-04,-2.7191195786564037,-0.24609384724894934,
JP,1988-05,-1.7717898838700563,8.741475869822324e-05,
JP,1988-06,0.6451468900991131,0.15963541418061933,
JP,1988-07,5.185859094213896,0.3020124463542553,
JP,1988-08,4.08840304575584,0.14886464954051482,
JP,1988-09,1.617606074928446,0.13962441411841153,
JP,1988-10,1.8976735909241427,0.12129934681853705,
JP,1988-11,1.9338801970672392,-0.19198540401595832,
JP,1988-12,1.359727494768137,0.45341835401038155,
JP,1989-01,1.0939578168432718,-0.2311443904652517,
JP,1989-02,-4.039860612085278,0.12090045589255016,0.1197844511924977
JP,1989-03,3.024809105522408,0.11106179613819567,0.2794136675111334
JP,1989-04,13.430279995219863,0.20275539360830397,0.10210719653895062
JP,1989-05,3.464929725327437,0.29277640667727933,-0.018397462954888866
JP,1989-06,4.234382889124433,0.5029846253977688,0.07928792888579217
JP,1989-07,3.8440746941432735,0.13097349759325194,-0.1563706877923936
JP,1989-08,-0.465959231565094,0.20050639826145567,-0.12960903905779375
JP,1989-09,4.003472852412671,0.09689158143057153,0.23934003581427188
JP,1989-10,1.9894253901181713,0.6241742437862783,0.08776581321713728
JP,1989-11,-7.022573094166162,0.19392872213427736,0.24316744065456586
JP,1989-12,7.735047068003809,0.34884495455841424,0.17860660563867814
JP,1990-01,7.910391306939246,0.18761973645014152,0.9596039804416234
JP,1990-02,1.2064942658700062,0.1185531330406917,0.36582251193111937
JP,1990-03,1.619097888262644,0.23044293621329537,0.16002476904634566
JP,1990-04,3.7703556031409846,0.4035589870552263,0.046834717711822904
JP,1990-05,2.2245149767648797,0.15732279166741314,-0.35811842575380926
JP,1990-06,1.4806554999200472,0.16734478558635946,-0.049782554422076686
JP,1990-07,3.1544443059697613,0.22214346086932935,0.38763508579365435
JP,1990-08,4.4962958237917405,0.08323058074536949,0.8869846063026028
JP,1990-09,4.110823166313793,0.2837413454705926,0.45666094075157293
JP,1990-10,5.892272951931687,0.11380839124591446,-0.3845812175114274
JP,1990-11,3.2609946536538814,0.3317669347344152,-0.4754729350609024
JP,1990-12,4.466033461647001,0.22162489227462068,-0.5849537061852716
JP,1991-01,10.384081765822728,-0.10564154836824358,0.01485598088423945
JP,1991-02,-3.778307253363522,0.13409959283965112,-0.08629128250948437
JP,1991-03,3.9514784739747455,0.2269167584512619,0.31788538124378984
JP,1991-04,-0.8353488920405994,0.025671319882649257,0.08677303019969695
JP,1991-05,4.63262885007012,-0.1310887799762419,0.03510102594026332
JP,1991-06,0.09101606860717482,0.07602044787424411,0.13608094456839215
JP,1991-07,4.997322504240742,-0.5118339321732455,-0.02626306395047795
JP,1991-08,1.7127453007518056,0.08715204487946426,-0.21769816034102352
JP,1991-09,-1.8701059771899509,-0.37147018040942203,-0.2964117707407121
JP,1991-10,6.875583292367082,-0.13143834316477765,-0.1616408030184333
JP,1991-11,5.179768561231413,-0.41678010523205256,0.07504721401930503
JP,1991-12,-1.0484459873286056,-0.018881773702950966,-0.17467164677449531
JP,1992-01,0.260587334236817,-0.7294013156952728,-0.23806395522424406
JP,1992-02,-0.7173702915611813,0.20353492678818963,0.1591287213073347
JP,1992-03,3.650004324014944,0.019284434719700094,-0.01600777970219802
JP,1992-04,5.537157283838923,-0.8385592490076164,0.2096776121384849
JP,1992-05,-1.0042754791069086,0.019664536051862136,0.06087580066014198
JP,1992-06,4.579932721123825,0.048557387130638396,-0.06693007941176798
JP,1992-07,-3.2672983805639433,-0.18073799093894305,-0.20059276468352216
JP,1992-08,1.30419394585779,-0.3731909218992211,-0.2661457241082408
JP,1992-09,1.9869754004147921,0.14309087221682049,-0.06312708613288187
JP,1992-10,-4.176148641182209,-0.11622498315779328,0.021263778920354248
JP,1992-11,3.8606657533630795,-0.09293496626909947,-0.11977638382338807
JP,1992-12,1.9334215804505561,-0.01669068752569869,0.0062396289549147
JP,1993-01,0.9504205099538865,0.03849656695008541,-0.09889424685756065
JP,1993-02,2.1095349508794214,-0.5895936785032734,-0.2887309706855339
JP,1993-03,0.338140894113792,-0.005897987425558249,-0.06783282094140297
JP,1993-04,1.60853692472962,-0.034994669271312784,0.29755804411183284
JP,1993-05,-0.39963318169462525,0.05578904041248878,0.37439883653337347
JP,1993-06,3.45812214307486,0.0356821617393388,-0.08025833674830096
JP,1993-07,9.915165260822434,0.07654611832169556,-0.2929745723450461
JP,1993-08,0.453593477946157,-0.10506059758487085,-0.08610989155403459
JP,1993-09,-3.826133855700675,-0.2441010634985683,-0.3678462085226508
JP,1993-10,-3.274186437085902,-0.32490867263782297,-0.0644634806565505
JP,1993-11,-0.701354795745246,0.009680429595593676,-0.14903245285957256
JP,1993-12,0.7602022467352754,-0.031273531038926716,-0.34716370347499215
JP,1994-01,2.3707319639751034,-0.08907723502706189,0.2173863691567024
JP,1994-02,1.3170036484012826,-0.07040799357488536,0.46173182107208355
JP,1994-03,5.123092492065595,0.02982417498371115,0.43270386410904393
JP,1994-04,-4.165758811171472,-0.05496373769927132,-0.3365382941539563
JP,1994-05,0.5670651478155264,-0.0651275015063959,-0.08794805877851886
JP,1994-06,-2.213303337119399,-0.009250608069787614,0.31432231804348776
JP,1994-07,0.6989786503549311,0.03782685278291664,0.27529029248688097
JP,1994-08,2.953559732665312,0.06721778384515442,0.27098382151469913
JP,1994-09,-2.045478092351516,0.07767181645515642,-0.11036281220122479
JP,1994-10,4.540448057153412,0.0679694334153127,0.06672683227393872
JP,1994-11,1.9859172604103748,0.049622301666207846,0.059007971480138366
JP,1994-12,-2.158526860581844,0.046139228965321966,-0.13176443963865303
JP,1995-01,0.8135830048701109,-0.022754865588904938,0.068184635233413
JP,1995-02,-2.2604490245075937,-0.012773737699271148,-0.06552083797914143
JP,1995-03,-2.1985938737024924,-0.008506613572761612,-0.37812327913528065
JP,1995-04,-2.4492444862282525,-0.6443917309437937,-0.5468141829660436
JP,1995-05,0.697411031702444,-0.1977434545014789,-0.14161625604035333
JP,1995-06,2.2885623644089748,-0.021914547650261795,-0.3456805687495357
JP,1995-07,-0.9813890918159984,-0.32045865127228035,-0.07710372095534623
JP,1995-08,-0.8745512296748359,-0.05573333880247344,0.2952871440978897
JP,1995-09,1.9212703914195828,-0.29958335192242835,-0.16982520694620318
JP,1995-10,-4.537751875799501,-0.10073693800120437,-0.09106355821160328
JP,1995-11,2.3783118395225955,-0.0009654271680730186,0.13623359377289956
JP,1995-12,0.5753413624614012,0.0037032578627274604,-0.05094306998037501
JP,1996-01,-0.11362457052577213,0.012411198429123027,0.15062183362907877
JP,1996-02,-1.0124561431602785,-0.0031183380658396653,0.16553888294453722
JP,1996-03,0.8044674637908145,0.002632465735823264,0.04354964532872918
JP,1996-04,1.7203913845062146,0.03532167360891908,0.017737071466195076
JP,1996-05,-0.33006991377426687,-0.011777074329570925,0.10275045904744218
JP,1996-06,0.4077740605243463,0.008150374848374109,-0.11966718116828812
JP,1996-07,2.6104355041354665,0.01591474322110581,0.05742246330687717
JP,1996-08,-1.9941933745851514,-0.032746515981267266,-0.06929639748692384
JP,1996-09,-0.6152686391164508,0.02881677834172852,-0.265865369689946
JP,1996-10,0.9346485081181299,0.012324719389856187,-0.11474632485522962
JP,1996-11,3.4263517043534364,0.00727385219877158,-0.0286031300550742
JP,1996-12,2.5277703823828546,0.014290485900294969,-0.1498775754706494
JP,1997-01,-0.35360539321693807,0.0035753375571498935,0.04603803044829746
JP,1997-02,-1.021207181613093,0.01640045039428656,-0.03772768687987016
JP,1997-03,-1.360336695911002,0.020182351595202985,-0.04805568262043591
JP,1997-04,18.171876063824755,-0.008245058024570096,-0.13145061626723864
JP,1997-05,-0.5363669822742168,-0.004549913733588706,0.3635988654641835
JP,1997-06,4.515991934899688,0.014886917758794638,-0.04003153265499648
JP,1997-07,-1.114846029775407,0.002466094178045719,-0.16737960976743338
JP,1997-08,-0.2533339134672019,-0.0025486900372240218,-0.14057779828909078
JP,1997-09,3.7692015574510407,0.018595024662205417,-0.1345885606732824
JP,1997-10,0.45882217461965524,-0.012534860233710088,-0.20755246652310766
JP,1997-11,-0.7097898374919254,0.016425436452579933,-0.04599832529784531
JP,1997-12,-0.349976864740853,-0.09141216333545799,0.004646903799093938
JP,1998-01,-0.6419270876381944,0.04557259917379752,0.015633516217846255
JP,1998-02,0.7313753571718706,0.0033633405495030466,0.05869376033346052
JP,1998-03,1.754272564776116,0.0021601999252995885,-0.13795816255410265
JP,1998-04,-2.557487843198203,0.017327162248689743,0.018071237805448392
JP,1998-05,1.0329467780930912,-0.010429542464850339,-0.2058484367070661
JP,1998-06,-0.4278798196629907,0.013812045359389513,-0.11026752031930864
JP,1998-07,-3.399241120465746,-0.018683685163308816,0.14696269375895588
JP,1998-08,-4.032638870306826,0.018719704484685462,-0.17608009418184278
JP,1998-09,5.91123950885617,-0.10076419227868172,-0.395291670284748
JP,1998-10,4.313054135180749,-0.08205278439314412,-0.22296249274363844
JP,1998-11,6.948695512609859,-0.03058844940118549,0.0975380981566335
JP,1998-12,-2.904246622253126,0.05236985886351686,0.5111940896377646
JP,1999-01,-5.887456325424978,-0.022279538214379696,0.4256146166465191
JP,1999-02,-2.188405296515228,-0.04574319811044686,0.21343939628975672
JP,1999-03,-1.8349930886977006,-0.13262022478672283,-0.2931749890511195
JP,1999-04,2.054951077868594,-0.007816409548360014,-0.24718982002887935
JP,1999-05,-2.1876558829312387,0.00015474670641939248,-0.22488334905669682
JP,1999-06,-0.22567031776397073,0.0015728536098302097,0.3005837728904559
JP,1999-07,-0.6634325586944101,0.0015728536098302097,0.07557852249634434
JP,1999-08,-0.6152335000120246,0.0015728536098302097,0.1800537816306329
JP,1999-09,1.2507631872423985,0.004072853609830212,-0.11277480501020443
JP,1999-10,-1.309486240418778,-0.006406354263265628,-0.06157136609443503
JP,1999-11,-0.4782249916996051,0.004527110930641048,0.12998014993377138
JP,1999-12,-2.310949189504541,-0.0016579385170739543,-0.04418312623825549
JP,2000-01,-1.1817196518776996,-0.0022346356080189013,-0.0705178157694446
JP,2000-02,-0.07178054961514135,0.015464093033117236,0.10997345614314757
JP,2000-03,0.005893004674106805,-0.011529720561742295,0.028676304158645083
JP,2000-04,-1.3033555838134703,0.00014099601924941543,-0.07316973865700782
JP,2000-05,-0.800256967364632,0.002489685102213552,-0.029698548116286805
JP,2000-06,-0.19982693035096588,0.001408001952975215,-0.035932830788119485
JP,2000-07,0.106051111861305,0.001587253436406668,0.029792723796305598
JP,2000-08,-0.8482399855804346,0.1357180019529752,0.06596006856189995
JP,2000-09,-2.4897756132236992,0.09689428966220603,0.1313683897899509
JP,2000-10,-2.0601083711714097,0.0015184023520158907,-0.054788192591451956
JP,2000-11,1.3961072363105842,0.003262766672583961,-0.04519651381950296
JP,2000-12,1.7759274497461064,-0.002688231349507436,-0.13453789714131603
JP,2001-01,0.7865335559259279,0.010851285366369257,-0.11147502782864627
JP,2001-02,0.32336467003908353,0.0028638280840969643,-0.08925150754100519
JP,2001-03,-3.9377631562889093,-0.13836057984680672,-0.2428740300690173
JP,2001-04,-2.243093942389507,-0.08445949344227285,0.1474792974375314
JP,2001-05,-1.3024090229944107,5.968510221355042e-05,-0.06254340913139589
JP,2001-06,-0.733428234656941,0.0005277920056243682,-0.09597850552194198
JP,2001-07,-0.34354505849272243,-0.0032901090025992154,0.15436550299692708
JP,2001-08,-0.5261048142756408,-0.0014296972122247436,0.04038965296236641
JP,2001-09,-1.7235078938714565,-0.0035434834054031096,0.005644017006070312
JP,2001-10,-0.4418808415088904,-0.0005446518166733563,0.019664098377941475
JP,2001-11,-2.4987585167817628,0.0006394629983718619,-0.03222210718145413
JP,2001-12,-1.557305119836272,0.0007535580343310795,0.008543610146713343
JP,2002-01,-0.8243567600210611,0.0006086510923816962,0.08858377289045594
JP,2002-02,-2.5998258264795737,0.00122257979132568,0.0841594388841016
JP,2002-03,-0.4531989201623787,0.0023816649377418966,-0.0762983640753716
JP,2002-04,0.7366747787049377,0.0007703976310416457,-0.023833867325274705
JP,2002-05,0.8800837891307367,0.0012356570261074964,-0.02601459967211661
JP,2002-06,0.23233090074405993,0.00135482534103133,-0.03420871960020655
JP,2002-07,-1.745969087551913,0.001714991678046563,-0.02945638985328669
JP,2002-08,0.055446574371842416,0.0014181520813359965,-0.03867059115324789
JP,2002-09,-0.7642111039174893,0.004738817429396929,-0.12394503656882283
JP,2002-10,-2.27340268433025,-0.001982905278013406,-0.032788454187419935
JP,2002-11,3.7799839691803783,0.0013792332719350126,-0.11501604306862878
JP,2002-12,-0.9589827609421064,0.0013395659459654794,-0.0037925227809878503
JP,2003-01,-1.470978796524136,0.0013895659459654795,-0.13881929794348302
JP,2003-02,-0.6228024018916756,0.0003399817885035626,-0.00874973484018926
JP,2003-03,0.4352276655968268,0.002331664937741897,-0.10480328516517945
JP,2003-04,1.192097397773395,0.0003399817885035626,-0.0624994393900532
JP,2003-05,-0.1723322566334673,0.0013316649377418967,-0.08790776061810424
JP,2003-06,-2.5395664301417042,0.0013316649377418967,-0.05048342661174965
JP,2003-07,0.7156237304094759,0.002331664937741897,0.4241952714383085
JP,2003-08,-0.2838815483091395,0.0003399817885035626,0.45005352003466503
JP,2003-09,-0.5876779603667615,0.002331664937741897,0.017065725815368582
JP,2003-10,0.5635186205783072,0.0003399817885035626,0.020159438884101766
JP,2003-11,-2.042619915669519,0.0013316649377418967,-0.10072676667529401
JP,2003-12,-0.39196405024206626,0.0013316649377418967,-0.0004229209001676004
JP,2004-01,-0.27778204668216233,0.0003316649377418967,0.002556997727960919
JP,2004-02,2.734390480404869,0.0023233480869802306,-0.11644300227203908
JP,2004-03,-0.8497260670100815,0.0013316649377418967,0.20876043664373034
JP,2004-04,-2.064640101406212,0.0003316649377418967,0.10514605130285415
JP,2004-05,-1.1282526679195826,0.0023233480869802306,-0.011171182053519857
JP,2004-06,4.042790623187287,0.0013316649377418967,0.30572841108712345
JP,2004-07,-0.8904352104380564,0.0003316649377418967,0.006749935855506761
JP,2004-08,-0.592219974022612,0.0023233480869802306,-0.21424337035386953
JP,2004-09,0.5927765990556111,0.0013316649377418967,-0.19071600429110247
JP,2004-10,6.690555086256822,0.0013316649377418967,0.09297870653725959
JP,2004-11,2.4941056235270764,0.0013316649377418967,-0.027418852306599906
JP,2004-12,-8.130290794807138,0.0013316649377418967,-0.05162635981593722
JP,2005-01,-0.8956173377168142,0.0013316649377418967,-0.08399451830024529
JP,2005-02,-0.8304498296752172,0.0013316649377418967,0.11142312191548531
JP,2005-03,0.6982471612914765,0.002331664937741897,-0.09084725490652223
JP,2005-04,-0.45031400927086906,0.0003399817885035626,-0.0654764712251581
JP,2005-05,-1.1136254329592532,0.0013316649377418967,-0.016931648987575265
JP,2005-06,-3.599504407929288,0.0013316649377418967,-0.09305883100942736
JP,2005-07,1.5156938169837986,0.0013316649377418967,0.15330525888131286
JP,2005-08,-0.9973465521387226,0.0013316649377418967,0.07232271505612853
JP,2005-09,0.5824803310776616,0.0013316649377418967,0.08779128039979334
JP,2005-10,0.07344892513394541,0.0013316649377418967,0.06636025260281508
JP,2005-11,0.5237125181245972,0.0013316649377418967,-0.05521803858788621
JP,2005-12,-0.750262582106842,0.0013316649377418967,0.03738702776531033
JP,2006-01,2.6794017658854585,0.0013316649377418967,0.06261461664651913
JP,2006-02,0.02476989723305678,0.0013316649377418967,0.05500955029332255
JP,2006-03,-0.7047089263036099,0.002331664937741897,0.1653509336151353
JP,2006-04,0.9437014766007223,0.0013399817885035626,0.20242863390556498
JP,2006-05,0.9670910646004671,0.019339981788503564,-0.10025268934154918
JP,2006-06,2.1689252363241707,0.017489685102213548,0.058031075061705684
JP,2006-07,-1.274196205972089,0.1206227547144002,0.032379152174142556
JP,2006-08,5.396321398468018,0.09761245995503845,-0.252446809269639
JP,2006-09,-2.0730745448165777,0.014402560777396739,-0.03518050104119963
JP,2006-10,-2.94440556792388,-0.00350595386422492,0.09455174733384908
JP,2006-11,-1.6676590508971856,0.006435828180443415,-0.022845811510010305
JP,2006-12,-0.08869787565117804,0.0014607787327284294,-0.04003323764747613
JP,2007-01,-0.8727240270786751,0.015444145031205114,0.0646655417744535
JP,2007-02,-2.215377819200981,0.09354394724034504,-0.05993283078811951
JP,2007-03,0.22744974587389777,0.15629246380889505,-0.006367927178665411
JP,2007-04,2.4840438328720182,0.007556625124668148,0.02855844112447281
JP,2007-05,1.1295413474655902,0.015573258826191538,0.08471909209944384
JP,2007-06,-0.39067748850598605,-0.005343572666191787,0.1752545953493465
JP,2007-07,1.2705590698629976,-0.005435058024570116,-0.08760746024460997
JP,2007-08,1.9622256535974714,-0.008526543382948448,-0.22623667656324575
JP,2007-09,-1.259973492012989,0.030357020706388294,0.1252103640120361
JP,2007-10,2.769693166050047,0.0015649419754298899,-0.07697968732248572
JP,2007-11,2.286832823553908,-0.000468325427616767,-0.11452857815363626
JP,2007-12,0.14303047922901158,0.002481773467813253,0.032674860762132996
JP,2008-01,0.5483678988845497,0.010456822915528241,-0.09313101930977696
JP,2008-02,1.0289151950939157,0.007498407169336585,0.003219682999715756
JP,2008-03,1.1115760378746842,0.012515040870859917,-0.18078031700028419
JP,2008-04,-2.44825182866677,0.000573258826191525,0.35698802552493913
JP,2008-05,8.137150372581203,0.0045316745723832375,0.18236432119638302
JP,2008-06,8.184919889699671,0.00952335772162155,-0.1714441840725831
JP,2008-07,5.341579871147317,-0.00044337487533185893,-0.059628985012993185
JP,2008-08,-1.0678694196247562,0.006506724020098276,-0.10205738761291538
JP,2008-09,-0.5069128997039485,-0.003484959129140097,0.05323307058096338
JP,2008-10,-1.0283205908134363,-0.002559810785995098,0.008567760112152545
JP,2008-11,-8.198876504917862,-0.1806263455920884,-0.10539877093472838
JP,2008-12,-5.241458698002077,-0.08617327983375825,-0.16012839411272117
JP,2009-01,-5.128668732596253,-0.08792179640230824,0.05978051801560191
JP,2009-02,-1.575686050038172,-0.006678629821619847,0.007168757871781173
JP,2009-03,-0.2042526936342881,-0.008753481478474837,0.048202226824900274
JP,2009-04,0.22687088105328712,0.00615503316314682,0.08151014119359434
JP,2009-05,-3.263468834391503,0.00018830056619349722,0.08203895065287359
JP,2009-06,-0.4879167443395005,0.004171666864670159,-0.11443223988784745
JP,2009-07,-0.5959726317922076,0.00018830056619349722,0.0257778928185457
JP,2009-08,-0.4475123509159573,0.006171666864670161,-0.06906814999710686
JP,2009-09,-0.6644261253516248,-0.001795065732283177,-0.05355010292201978
JP,2009-10,-5.239948788442561,0.006171666864670161,0.14807504480304834
JP,2009-11,0.5647253854220935,0.0012049342677168257,-0.14794766176587903
JP,2009-12,-2.410787636242162,-0.001803382583044827,0.021041575849929606
JP,2010-01,1.746658576488258,-0.0028366499860915106,0.03816875787178131
JP,2010-02,1.036982107910589,0.0071217657601001655,-0.010590265665762377
JP,2010-03,-0.885996135777134,-0.0018366499860915098,0.06832271505612852
JP,2010-04,-2.4597437277044776,-0.0018699173891381649,-0.07223549476270175
JP,2010-05,0.7362096364175841,9.681520781516795e-05,-0.026737529059485787
JP,2010-06,-0.5376512929927912,0.006080181506291846,-0.17493164898757518
JP,2010-07,-3.159599148182579,0.0011134489093384964,-0.004116449927985544
JP,2010-08,-2.1597076779009683,0.0031051320585768344,-0.05114991888110443
JP,2010-09,1.6031980901050957,-0.0018865510906615063,-0.12449799599354117
JP,2010-10,3.4490851354611607,0.002080181506291842,0.0046652801784855535
JP,2010-11,0.1902735985549242,0.002080181506291842,0.2576987491316044
JP,2010-12,-2.0547024589063767,-0.0019198184937081614,-0.02657425288745885
JP,2011-01,-1.9701447197597588,4.69141032451853e-05,0.08123832097507533
JP,2011-02,1.2404010908731777,0.010030280401721839,0.029773824224978096
JP,2011-03,0.017553773000500428,-0.0059031847921848235,-0.025038749637556146
JP,2011-04,-4.876906355122657,-0.02096971959827816,0.0027805180156019738
JP,2011-05,1.859258634423,0.00883899283420353,-0.09521278819377432
JP,2011-06,2.366859831636603,0.0018972107895351836,-0.03286208588428163
JP,2011-07,2.711000663008889,0.005897210789535173,-0.008089674765490384
JP,2011-08,-1.4499739618898388,0.00993047819258186,-0.05114991888110443
JP,2011-09,-1.1055756637922798,0.0009970129986751758,-0.04749799599354121
JP,2011-10,0.18617706672969803,0.002988696147913514,0.06318070205651705
JP,2011-11,-3.1098375499496456,-0.002002987001324827,0.024602410865815605
JP,2011-12,1.7533763673526437,0.0029637455956285086,-0.09023693815921374
JP,2012-01,2.136930590644681,0.003972062446390173,-0.011846073105978183
JP,2012-02,4.4921723049149875,0.006988696147913517,0.0030736014065364525
JP,2012-03,3.309220086756781,0.0010302804017218448,0.004093682778407826
JP,2012-04,-10.227072676320148,-0.00697803644903984,-0.05187954205909695
JP,2012-05,-0.29796482028174864,0.010947111894105188,-0.06822761917153397
JP,2012-06,0.2043730827367085,-0.005978036449039839,-0.057682796933951286
JP,2012-07,-2.487578318229211,0.009955428744866851,-0.010064342999507203
JP,2012-08,0.14517317608095937,0.004021963550960156,0.018875412884878817
JP,2012-09,-0.1810272667214008,0.0010385972524835224,-0.043990711302645535
JP,2012-10,-0.7320038889222502,0.0020302804017218457,0.0017214557005317266
JP,2012-11,0.04589079943890795,0.0030302804017218327,-0.048258462927596946
JP,2012-12,0.3555069054435478,-0.0019614027475164802,0.06642692891308521
JP,2013-01,1.7469727850354388,0.0030053298494368413,-0.007117893324497415
JP,2013-02,0.2726212754531332,-0.0009863532998014984,-0.10715805606824014
JP,2013-03,1.3116124805392815,0.001988696147913513,-0.17886759787436146
JP,2013-04,-7.086241342581445,-0.008011303852086482,0.09394760118522849
JP,2013-05,2.14284846710342,0.0019055276402968474,0.2875968988757357
JP,2013-06,6.482779548355566,0.0019055276402968474,-0.057461901843366525
JP,2013-07,3.7452485463298046,0.0019055276402968474,-0.03284344790892213
JP,2013-08,1.6056703544066409,0.0019055276402968474,-0.08305764920888348
JP,2013-09,2.0640272638964063,0.0019055276402968474,-0.04060654004003372
JP,2013-10,0.7857817492450181,0.0019055276402968474,-0.08086759787436149
JP,2013-11,3.131413221524326,0.0019055276402968474,0.012603592666359464
JP,2013-12,2.0696205366533604,0.0019055276402968474,0.08070399952571627
JP,2014-01,0.5437614255793477,0.0019055276402968474,-0.07574041585250946
JP,2014-02,2.8488719537353546,0.011905527640296842,-0.030235756358669708
JP,2014-03,1.2305527782352499,-0.008011303852086482,0.016576817503864416
JP,2014-04,15.041848624198195,-0.008094472359703161,0.0027039995257163163
JP,2014-05,4.331552122654259,0.011822359132680198,-0.046262531521164774
JP,2014-06,4.61952310637237,0.0019055276402968474,-0.03255705830861122
JP,2014-07,2.4470991506465367,0.0019055276402968474,-0.011757872027324923
JP,2014-08,0.8502165949003881,0.0019055276402968474,-0.041818116142939066
JP,2014-09,0.6731310143319291,0.0019055276402968474,0.005920826022733361
JP,2014-10,-4.846413820756368,-0.008094472359703161,-0.035018929861652504
JP,2014-11,-1.234342918689535,0.0018223591326801888,-0.04823313116161376
JP,2014-12,1.220438603406393,0.011822359132680198,-0.09353435173968405
JP,2015-01,1.8261530008764737,0.0019055276402968474,-0.0591367928958248
JP,2015-02,-0.7278481624840794,0.011905527640296842,0.05049504861986698
JP,2015-03,2.333260507359114,-0.008011303852086482,0.0658632071041752
JP,2015-04,-0.30183408480439766,-0.008094472359703161,-0.06366822755215978
JP,2015-05,0.4071852670687548,0.011822359132680198,0.04593014501041304
JP,2015-06,1.9390190006877361,0.0019055276402968474,0.061264834541602364
JP,2015-07,0.37617569811452256,0.0019055276402968474,-0.048300069067851614
JP,2015-08,0.15346523836790027,0.011905527640296842,-0.033601289645921906
JP,2015-09,-0.5861045858683411,-0.008011303852086482,-0.033802103364635516
JP,2015-10,-2.383438848742969,0.011905527640296842,-0.05400291708334909
JP,2015-11,-2.837811004961921,0.001988696147913513,-0.0043376066145383585
JP,2015-12,1.2390795435429425,-0.008011303852086482,-0.03433760661453833
JP,2016-01,-1.264186954679758,0.0019055276402968474,-0.17953842033325193
JP,2016-02,2.391896244870395,-0.03809447235970316,-0.16570983369241443
JP,2016-03,0.022883849117505406,-0.03142714639016979,0.008219159807779867
JP,2016-04,-1.6363842466201817,-0.03170160246530476,-0.041680433332863344
JP,2016-05,-0.7202100112142062,-0.021976058540439748,-0.04191471600469583
JP,2016-06,1.268649701909652,0.004832653892041933,-0.11714899867652837
JP,2016-07,-0.22803351176818865,0.012865921295088602,0.02711468435485523
JP,2016-08,-1.0027678008057705,0.0009657235042285911,0.11734896702668773
JP,2016-09,-0.7014522236946874,-0.00803427649577141,-0.021814309145339064
JP,2016-10,4.570711458613985,0.015890871847373596,0.02808528399530416
JP,2016-11,1.5616733620415602,-0.010984375391201416,0.06331956666713666
JP,2016-12,-1.5559023596509292,0.005915822399658599,0.013788132010801656
JP,2017-01,1.304921584600649,-4.259334653307356e-05,0.03892200782327738
JP,2017-02,-0.45049012652391696,0.007949089802705263,-0.040776771598652284
JP,2017-03,-0.8742593255600895,-0.0029926922419630797,0.008988945729515231
JP,2017-04,2.6224988726209375,-0.011025959645009735,-0.05591064741112799
JP,2017-05,0.06872116388478844,0.0018742381458502697,0.01875466305768273
JP,2017-06,0.9074082489796353,-0.00211744500338807,0.02892200782327737
JP,2017-07,-0.4304995390867816,0.002857604444326936,-0.005843709504890132
JP,2017-08,0.46551141839401566,0.005874238145850266,-0.07084370950489013
JP,2017-09,1.82506188266629,-0.008084177600341406,0.04372119410456379
JP,2017-10,-3.173415043855954,0.021840970742803605,-0.0009441163642469053
JP,2017-11,4.579077081770322,-0.009984375391201415,-0.03591064741112798
JP,2017-12,4.786313800192943,0.006924139250420264,0.0038885388701584422
JP,2018-01,4.186935983331352,0.0029740403549902636,0.02895547677639631
JP,2018-02,0.9793169040005267,-0.0010093259434864124,-0.04081024055177121
JP,2018-03,-3.9306290355835216,-0.019025959645009735,-0.006044523223603694
JP,2018-04,-2.685964235663718,-0.00019229666024306313,-0.0010445232236036897
JP,2018-05,2.0037501650726597,0.0027993864889952758,-0.026011054270484772
JP,2018-06,0.9573853116588538,-0.009183979809481393,-0.0061449300829604855
JP,2018-07,1.2789158225864128,0.001732851682901937,0.023855069917039513
JP,2018-08,4.850907097391399,0.011741168533663623,0.04405588363575309
JP,2018-09,-0.06449930581844399,0.00183265389204193,0.009390573166942362
JP,2018-10,0.35489516501989726,-0.001159029257196395,-0.0005090199737008416
JP,2018-11,-2.1656926065730886,-0.010175662958719724,-0.05047555102058189
JP,2018-12,-2.637834812037454,0.0037328516829019387,-0.10077677159865228
JP,2019-01,2.2778108462457425,0.004757802235186945,0.0035873182920880863
JP,2019-02,1.4632390841608611,0.009791069638233611,-0.021345743801674057
JP,2019-03,-0.3033696014504983,0.014865921295088597,-0.08644615066103084
JP,2019-04,2.918619837230807,-0.025017642794248077,0.043018346089066295
JP,2019-05,0.31096894861910584,0.018766119085948607,-0.05664696437974442
JP,2019-06,0.034338480599771515,-0.012084177600341403,-0.07698165391093371
JP,2019-07,0.09067724999134441,-0.008192296660243056,-0.002450219254598679
JP,2019-08,-0.4130070367015293,0.026732851682901945,-0.12741675030147978
JP,2019-09,1.230235842366767,-0.013050910197294735,0.05677999482366594
JP,2019-10,-0.1985721546063246,0.038832653892041935,0.05721509121421203
JP,2019-11,0.6840750704583343,-0.02085130577901475,0.06265018760475809
JP,2019-12,1.183429914445,0.005965723504228589,0.048118752948423084
JP,2020-01,2.1410868076621625,0.007007307758036922,-0.0465130885672687
JP,2020-02,-0.5336579516487916,0.01705720886260692,-0.09678084019222014
JP,2020-03,-0.34895173481430675,-0.029809721525206424,0.15261671865163917
JP,2020-04,-1.7746253359373299,0.011932456101181932,-0.051312274848555134
JP,2020-05,-0.46838205721719817,-0.009976058540439751,0.03338650457337452
JP,2020-06,0.4375854657951095,-6.754389881807182e-05,0.02365425619832594
JP,2020-07,0.3168352005001651,0.020924139250420266,-0.026144930082960482
JP,2020-08,-1.4422092824229793,-0.00590952373434642,0.028721194104563797
JP,2020-09,-1.4521324838856486,-0.017967741689678074,-0.03604452322360369
JP,2020-10,-6.393814511907436,0.034874238145850264,0.01875466305768273
JP,2020-11,-3.6493051665694054,-0.01084298892825309,-0.01607799217672263
JP,2020-12,-1.5057578111417058,0.007057208862606922,-0.016144930082960484
JP,2021-01,6.338390384368253,0.010107109967176911,0.028788132010801656
JP,2021-02,5.227963949388581,0.002181961624031909,0.08902241468263415
JP,2021-03,0.1263661825205986,0.00019027847479357457,-0.03534167520810619
JP,2021-04,-10.848708941893648,0.006181961624031909,-0.03554248892681977
JP,2021-05,4.600362877241082,-0.0037764541221597617,-0.015743302645533336
JP,2021-06,4.210928227133692,-0.010818038375968092,-0.035810240551771205
JP,2021-07,0.6400477228922341,-0.005917840585108081,-0.04101105427048477
JP,2021-08,-2.106779002710013,0.0030239414595602462,-0.001245336942317269
JP,2021-09,5.69170080977166,0.01304057516108359,0.038788132010801654
JP,2021-10,-7.746592881821357,-0.003859622629776422,0.024089352588872015
JP,2021-11,2.639222452798151,-0.01090120688358475,-0.05070983369241441
JP,2021-12,0.9045707905471545,0.013998990907275261,0.013988945729515236
JP,2022-01,1.0675861711973766,0.007107109967176912,0.09412282154199095
JP,2022-02,12.895859534460286,0.0031570110717469117,0.004792200604369495
JP,2022-03,3.3309940896913304,0.01117364477327024,0.024859138510607393
JP,2022-04,2.637281514283174,-0.002743186719113097,5.995222932095312e-05
JP,2022-05,4.253721086422857,-0.004776454122159759,0.015093421182439865
JP,2022-06,2.6844425821693108,-0.01882635522672976,-0.014772703005084376
JP,2022-07,3.915454754661596,0.027007307758036923,-0.04983964091132226
JP,2022-08,2.9692713528856274,-0.004776454122159759,0.0348591385106074
JP,2022-09,5.767738284334811,-0.029826355226729762,0.01512689013555879
JP,2022-10,3.3798171941636923,-8.417760034140631e-05,0.0002607659480345359
JP,2022-11,1.4475098883057314,-0.01609249445110307,0.00029423490115346174
JP,2022-12,2.899343863960979,-0.0022338809140513977,0.15532770385427236
JP,2023-01,4.364648275528538,0.050741168533663616,0.07639871035407808
JP,2023-02,0.9958275666647864,0.002157011071746911,0.006934213603980943
JP,2023-03,3.541030536470302,0.0031653279225085755,-0.18299884848978115
JP,2023-04,5.729926579651234,0.00318196162403191,0.06079626919793735
JP,2023-05,0.34293095901425374,-0.03480140467444476,0.04123136558848339
JP,2023-06,3.518039967415376,-0.01410081130186474,-0.03846741383344621
JP,2023-07,3.7006769301122233,0.020774435936710273,0.19629830349472122
JP,2023-08,0.8753976218365267,-0.01705922704805641,0.042637061619478445
JP,2023-09,4.8810976910900195,0.010791069638233612,0.12293828219754876
JP,2023-10,7.955823947799345,0.034874238145850264,0.183775006025522
JP,2023-11,-3.660492733746068,0.006157011071746911,-0.2899866427090776
JP,2023-12,-1.7598305301483208,0.004198595325555242,-0.04192784198997557
JP,2024-01,-2.212872298588664,-0.0007764541221597608,0.10780440638507305
JP,2024-02,9.803480045189872,0.009206912176316907,-0.021459276646310532
JP,2024-03,2.7000543245524256,0.029273446982410235,0.013406847541213796
JP,2024-04,3.2468121984319254,0.05650631880373688,0.14350725440057055
JP,2024-05,4.4695194187251985,0.0019637455956285077,0.1994778540410196
JP,2024-06,3.1461879252344005,0.0019637455956285077,-0.019183387834223353
JP,2024-07,2.45034321187525,0.0029637455956285086,-0.004317263646699265
JP,2024-08,4.4654286121474485,0.15097206244639017,-0.15435073259981802
JP,2024-09,-0.3202188054174826,0.003211273209878407,-0.03538827014650481
JP,2024-10,6.1625498932542655,0.003211273209878407,0.07937744718166284
JP,2024-11,3.3498186193128276,0.003211273209878407,0.11491295043156557
JP,2024-12,5.374754051721098,0.003211273209878407,0.040682736353300886
JP,2025-01,1.7231121539900585,0.06921127320987838,0.15595048797825228
JP,2025-02,5.73611939106371,0.18876018536014838,0.12698802552493915
JP,2025-03,3.035675471786803,0.004298802751056596,0.11782474935291232
JP,2025-04,2.1116282981605394,0.005290485900294961,-0.17140546472535223
JP,2025-05,,0.005290485900294961,0.19242312191548527
JP,2025-06,,0.005290485900294961,-0.07630505786599562
JP,2025-07,,0.006290485900294962,0.12815943888410164
JP,2025-08,,0.004298802751056596,0.05899616271207497
JP,2025-09,,0.005290485900294961,0.04936432119638301
JP,2025-10,,0.005290485900294961,0.01466554177445345
JP,2025-11,,0.006290485900294962,0.15473247968069126
JP,2025-12,,0.08429880275105667,0.2607365482742592
JP,2026-01,,0.17695583396122805,0.18744346488332475
JP,2026-02,,,
JP,2026-03,,,
