Country,Time,10-Year Gov Bond Yields (%),Call Money/Interbank Immediate (%),Est. 1-year Neutral Interest Rate (%),Est. 10-year Neutral Interest Rate (%),USD-JPY reer CPI-based (Index 2015=100),JPY-USD Spot Exchange Rate,HICP (NSA),Real GDP (billions chained 2015 JPY),10-Year US T-Bills Yield (%),CBOE-VIX
JP,1962-01,,,,,,,,,4.083181818181818,
JP,1962-02,,,,,,,,,4.039444444444444,
JP,1962-03,,,,,,,,,3.930454545454545,
JP,1962-04,,,,,,,,,3.843,
JP,1962-05,,,,,,,,,3.8736363636363635,
JP,1962-06,,,,,,,,,3.909047619047619,
JP,1962-07,,,,,,,,,4.014285714285714,
JP,1962-08,,,,,,,,,3.9756521739130433,
JP,1962-09,,,,,,,,,3.978947368421052,
JP,1962-10,,,,,,,,,3.9254545454545453,
JP,1962-11,,,,,,,,,3.9157894736842107,
JP,1962-12,,,,,,,,,3.8645000000000005,
JP,1963-01,,,,,,,,,3.833636363636364,
JP,1963-02,,,,,,,,,3.921111111111111,
JP,1963-03,,,,,,,,,3.9285714285714284,
JP,1963-04,,,,,,,,,3.970952380952381,
JP,1963-05,,,,,,,,,3.93,
JP,1963-06,,,,,,,,,3.993,
JP,1963-07,,,,,,,,,4.0204545454545455,
JP,1963-08,,,,,,,,,4.002272727272727,
JP,1963-09,,,,,,,,,4.0775,
JP,1963-10,,,,,,,,,4.106086956521739,
JP,1963-11,,,,,,,,,4.121764705882353,
JP,1963-12,,,,,,,,,4.128571428571429,
JP,1964-01,,,,,,,,,4.166818181818182,
JP,1964-02,,,,,,,,,4.145555555555556,
JP,1964-03,,,,,,,,,4.2195238095238095,
JP,1964-04,,,,,,,,,4.232272727272727,
JP,1964-05,,,,,,,,,4.2,
JP,1964-06,,,,,,,,,4.170000000000001,
JP,1964-07,,,,,,,,,4.1859090909090915,
JP,1964-08,,,,,,,,,4.1938095238095245,
JP,1964-09,,,,,,,,,4.203809523809523,
JP,1964-10,,,,,,,,,4.188095238095238,
JP,1964-11,,,,,,,,,4.152777777777778,
JP,1964-12,,,,,,,,,4.179545454545455,
JP,1965-01,,,,,,,,,4.189500000000001,
JP,1965-02,,,,,,,,,4.211111111111111,
JP,1965-03,,,,,,,,,4.210434782608695,
JP,1965-04,,,,,,,,,4.203809523809523,
JP,1965-05,,,,,,,,,4.2115,
JP,1965-06,,,,,,,,,4.213181818181819,
JP,1965-07,,,,,,,,,4.204761904761905,
JP,1965-08,,,,,,,,,4.252272727272727,
JP,1965-09,,,,,,,,,4.29047619047619,
JP,1965-10,,,,,,,,,4.3495,
JP,1965-11,,,,,,,,,4.448947368421052,
JP,1965-12,,,,,,,,,4.615454545454546,
JP,1966-01,,,,,,,,,4.612380952380953,
JP,1966-02,,,,,,,,,4.832105263157895,
JP,1966-03,,,,,,,,,4.8734782608695655,
JP,1966-04,,,,,,,,,4.75,
JP,1966-05,,,,,,,,,4.7785714285714285,
JP,1966-06,,,,,,,,,4.8145454545454545,
JP,1966-07,,,,,,,,,5.018,
JP,1966-08,,,,,,,,,5.224347826086956,
JP,1966-09,,,,,,,,,5.182380952380952,
JP,1966-10,,,,,,,,,5.0115,
JP,1966-11,,,,,,,,,5.155263157894737,
JP,1966-12,,,,,,,,,4.842857142857143,
JP,1967-01,,,,,,,,,4.579047619047619,
JP,1967-02,,,,,,,,,4.626666666666667,
JP,1967-03,,,,,,,,,4.541818181818182,
JP,1967-04,,,,,,,,,4.593500000000001,
JP,1967-05,,,,,,,,,4.847727272727273,
JP,1967-06,,,,,,,,,5.0227272727272725,
JP,1967-07,,,,,,,,,5.159000000000001,
JP,1967-08,,,,,,,,,5.275652173913044,
JP,1967-09,,,,,,,,,5.3020000000000005,
JP,1967-10,,,,,,,,,5.480952380952381,
JP,1967-11,,,,,,,,,5.7535,
JP,1967-12,,,,,,,,,5.699,
JP,1968-01,,,,,,,,,5.528636363636363,
JP,1968-02,,,,,,,,,5.563684210526316,
JP,1968-03,,,,,,,,,5.74,
JP,1968-04,,,,,,,,,5.6385,
JP,1968-05,,,,,,,,,5.869545454545454,
JP,1968-06,,,,,,,,,5.718,
JP,1968-07,,,,,,,,,5.495454545454546,
JP,1968-08,,,,,,,,,5.420454545454546,
JP,1968-09,,,,,,,,,5.46,
JP,1968-10,,,,,,,,,5.5826086956521745,
JP,1968-11,,,,,,,,,5.696111111111112,
JP,1968-12,,,,,,,,,6.031904761904762,
JP,1969-01,,,,,,,,,6.041818181818181,
JP,1969-02,,,,,,,,,6.1889473684210525,
JP,1969-03,,,,,,,,,6.296,
JP,1969-04,,,,,,,,,6.173333333333333,
JP,1969-05,,,,,,,,,6.323333333333333,
JP,1969-06,,,,,,,,,6.574285714285715,
JP,1969-07,,,,,,,,,6.71952380952381,
JP,1969-08,,,,,,,,,6.691428571428572,
JP,1969-09,,,,,,,,,7.159523809523809,
JP,1969-10,,,,,,,,,7.095454545454545,
JP,1969-11,,,,,,,,,7.144117647058824,
JP,1969-12,,,,,,,,,7.654090909090908,
JP,1970-01,,,,,70.31873,,30.3,,7.794761904761905,
JP,1970-02,,,,,70.12755,,30.3,,7.238333333333333,
JP,1970-03,,,,,70.36188,,30.6,,7.072857142857143,
JP,1970-04,,,,,70.45937,,30.9,,7.390909090909091,
JP,1970-05,,,,,69.85477,,30.8,,7.906190476190476,
JP,1970-06,,,,,69.65023,,30.8,,7.841818181818183,
JP,1970-07,,,,,69.15638,,30.8,,7.457272727272727,
JP,1970-08,,,,,69.05394,,30.7,,7.527142857142857,
JP,1970-09,,,,,69.9435,,31.2,,7.38952380952381,
JP,1970-10,,,,,70.70013,,31.7,,7.326666666666667,
JP,1970-11,,,,,70.43723,,31.7,,6.841111111111111,
JP,1970-12,,,,,70.54452,,31.9,,6.391363636363636,
JP,1971-01,,,,,70.70765,358.02,32.2,,6.2385,
JP,1971-02,,,,,70.59155,357.545,32.2,,6.112222222222222,
JP,1971-03,,,,,70.45653,357.5187,32.3,,5.7034782608695656,
JP,1971-04,,,,,71.13792,357.5032,32.7,,5.833809523809524,
JP,1971-05,,,,,70.78197,357.413,32.8,,6.3925,
JP,1971-06,,,,,70.58921,357.4118,32.9,,6.522272727272727,
JP,1971-07,,,,,70.33859,357.4043,32.9,,6.729523809523809,
JP,1971-08,,,,,70.15312,355.78,32.9,,6.582727272727272,
JP,1971-09,,,,,73.41819,338.021,33.7,,6.13952380952381,
JP,1971-10,,,,,75.80562,331.1105,33.8,,5.925789473684211,
JP,1971-11,,,,,76.044,328.752,33.5,,5.8100000000000005,
JP,1971-12,,,,,77.06127,320.0727,33.5,,5.926363636363636,
JP,1972-01,,,,,79.16347,312.72,33.5,,5.947619047619048,
JP,1972-02,,,,,78.85196,305.187,33.7,,6.081,
JP,1972-03,,,,,79.14995,302.5365,34.0,,6.068636363636363,
JP,1972-04,,,,,79.97655,303.5605,34.4,,6.1945,
JP,1972-05,,,,,79.88175,304.3795,34.5,,6.126363636363636,
JP,1972-06,,,,,79.54255,302.4145,34.5,,6.1068181818181815,
JP,1972-07,,,,,79.42837,301.0305,34.5,,6.113,
JP,1972-08,,,,,79.80093,301.1609,34.8,,6.210434782608695,
JP,1972-09,,,,,79.98067,301.119,35.0,,6.5495,
JP,1972-10,,,,,80.32831,301.011,35.2,,6.4795,
JP,1972-11,,,,,80.03952,300.9885,35.1,,6.2805,
JP,1972-12,,,,,80.36461,301.2405,35.4,,6.3585,
JP,1973-01,,,,,82.07929,301.7882,35.7,,6.464545454545455,
JP,1973-02,,,,,86.21674,278.4206,36.0,,6.635555555555555,
JP,1973-03,,,,,91.87424,261.9014,36.9,,6.709090909090909,
JP,1973-04,,,,,91.73819,265.4914,37.6,,6.6685,
JP,1973-05,,,,,92.11826,264.6505,38.2,,6.847272727272727,
JP,1973-06,,,,,90.06288,264.4981,38.3,,6.9,
JP,1973-07,,,,,88.29752,264.5538,38.6,,7.130952380952381,
JP,1973-08,,,,,88.89861,265.22,38.9,,7.404782608695652,
JP,1973-09,,,,,90.8414,265.4747,40.0,,7.090526315789473,
JP,1973-10,,,,,89.66272,266.3348,40.2,,6.7942857142857145,
JP,1973-11,,,,,87.48557,278.2625,40.5,,6.7284999999999995,
JP,1973-12,,,,,89.87292,280.1775,41.8,,6.7436842105263155,
JP,1974-01,,,,,88.67748,298.1336,43.6,,6.988636363636363,
JP,1974-02,,,,,89.92912,291.0872,45.0,,6.957222222222223,
JP,1974-03,,,,,91.45606,282.1648,45.3,,7.2090476190476185,
JP,1974-04,,,,,93.6174,277.7741,46.4,,7.512380952380952,
JP,1974-05,,,,,92.04465,278.9664,46.6,,7.57590909090909,
JP,1974-06,,,,,91.45032,282.97,46.9,,7.535500000000001,
JP,1974-07,,,,,89.74779,290.98,47.8,,7.805000000000001,
JP,1974-08,,,,,86.85382,302.2836,48.3,,8.04409090909091,
JP,1974-09,,,,,88.59077,299.084,49.0,,8.0375,
JP,1974-10,,,,,89.36042,299.3645,50.1,,7.8968181818181815,
JP,1974-11,,,,,88.29788,300.075,50.5,,7.681111111111111,
JP,1974-12,,,,,88.19631,300.4114,50.6,,7.433809523809523,
JP,1975-01,,,,,87.9432,299.6845,51.2,,7.501363636363636,
JP,1975-02,,,,,89.06328,291.6583,51.3,,7.392222222222222,
JP,1975-03,,,,,90.47402,287.9486,51.7,,7.728,
JP,1975-04,,,,,90.57275,292.1968,52.6,,8.226818181818182,
JP,1975-05,,,,,90.20083,291.4305,52.9,,8.05952380952381,
JP,1975-06,,,,,89.04928,293.4662,52.9,,7.860952380952382,
JP,1975-07,,,,,89.55485,296.3741,53.1,,8.061363636363636,
JP,1975-08,,,,,89.91418,297.9762,52.9,,8.397619047619047,
JP,1975-09,,,,,91.40366,299.909,54.1,,8.426666666666668,
JP,1975-10,,,,,91.06204,302.3364,54.9,,8.137727272727274,
JP,1975-11,,,,,90.29115,302.5453,54.7,,8.052941176470588,
JP,1975-12,,,,,89.48497,305.67,54.7,,7.996818181818182,
JP,1976-01,,,,,90.7471,304.6357,55.7,,7.742380952380953,
JP,1976-02,,,,,91.73615,301.5944,56.1,,7.792777777777778,
JP,1976-03,,,,,92.56841,300.5183,56.3,,7.734347826086956,
JP,1976-04,,,,,94.95692,299.1086,57.6,,7.564285714285714,
JP,1976-05,,,,,94.9697,299.004,57.8,,7.8950000000000005,
JP,1976-06,,,,,94.88483,299.1909,57.9,,7.861363636363635,
JP,1976-07,,,,,96.35811,294.641,58.3,,7.831904761904762,
JP,1976-08,,,,,96.25587,290.6259,57.9,,7.768636363636364,
JP,1976-09,,,,,99.36607,287.361,59.4,,7.594285714285713,
JP,1976-10,,,,,98.13726,291.189,59.7,,7.411,
JP,1976-11,,,,,96.41844,295.1653,59.7,,7.291052631578947,
JP,1976-12,,,,,97.5295,294.7017,60.4,,6.869090909090909,
JP,1977-01,,,,,98.68225,291.0524,60.9,,7.213333333333333,
JP,1977-02,,,,,100.4263,285.0221,61.3,,7.3910526315789475,
JP,1977-03,,,,,102.0292,280.2265,61.6,,7.460000000000001,
JP,1977-04,,,,,104.7565,275.2071,62.6,,7.3705,
JP,1977-05,,,,,104.1579,277.4262,63.2,,7.456666666666667,
JP,1977-06,,,,,104.7183,272.8609,63.0,,7.275454545454545,
JP,1977-07,,,,,106.2854,264.8632,62.8,,7.330000000000001,
JP,1977-08,,,,,105.2591,266.6774,62.9,,7.396521739130435,
JP,1977-09,,,,,106.716,266.77,63.9,,7.343809523809524,
JP,1977-10,,,,,111.3223,254.7445,64.3,,7.5235,
JP,1977-11,,,,,113.9374,244.7026,63.6,,7.577368421052632,
JP,1977-12,,,,,113.264,241.0229,63.5,,7.685238095238095,
JP,1978-01,,,,,111.981,241.081,63.7,,7.956190476190477,
JP,1978-02,,,,,111.8419,240.3722,64.1,,8.033333333333333,
JP,1978-03,,,,,116.07,231.8574,64.6,,8.03590909090909,
JP,1978-04,,,,,122.0031,221.857,65.3,,8.154,
JP,1978-05,,,,,120.5756,226.1786,65.7,,8.345714285714285,
JP,1978-06,,,,,124.9845,214.1064,65.4,,8.462272727272728,
JP,1978-07,,,,,132.1469,199.6955,65.6,,8.64,
JP,1978-08,,,,,138.4488,188.7096,65.8,,8.410869565217391,
JP,1978-09,,,,,137.2368,189.9195,66.5,,8.416500000000001,
JP,1978-10,,,,,138.6452,183.631,66.6,,8.642380952380952,
JP,1978-11,,,,,133.5975,192.1425,66.0,,8.805,
JP,1978-12,,,,,129.6068,195.955,65.9,,9.006499999999999,
JP,1979-01,,,,,127.079,197.755,66.0,,9.099545454545455,
JP,1979-02,,,,,123.6244,200.5072,65.8,,9.098333333333333,
JP,1979-03,,,,,120.3239,206.3236,66.4,,9.117272727272727,
JP,1979-04,,,,,115.2968,216.2852,67.2,,9.181999999999999,
JP,1979-05,,,,,114.3636,218.4141,67.8,,9.252380952380953,
JP,1979-06,,,,,112.7167,218.5967,67.9,,8.913809523809524,
JP,1979-07,,,,,112.039,216.51,68.5,,8.95,
JP,1979-08,,,,,109.401,217.9257,67.8,,9.029565217391305,
JP,1979-09,,,,,107.109,222.4137,68.7,,9.334736842105263,
JP,1979-10,,,,,104.0766,230.4845,69.5,,10.299090909090909,
JP,1979-11,,,,,96.85027,244.9842,69.2,,10.653157894736841,
JP,1979-12,,,,,97.66763,240.3745,69.7,,10.386,
JP,1980-01,,,,,98.51982,237.8886,70.3,,10.802272727272728,
JP,1980-02,,,,,96.06737,244.35,70.9,,12.414736842105263,
JP,1980-03,,,,,95.70039,248.4786,71.3,,12.74904761904762,
JP,1980-04,,,,,95.73007,250.275,72.6,,11.473333333333333,
JP,1980-05,,,,,103.3611,228.6286,73.2,,10.181428571428572,
JP,1980-06,,,,,106.9566,217.9176,73.5,,9.778095238095238,
JP,1980-07,,,,,104.9251,221.1364,73.6,,10.247727272727273,
JP,1980-08,,,,,102.8643,223.9138,73.4,,11.101904761904763,
JP,1980-09,,,,,107.9692,214.4167,74.6,,11.508571428571429,
JP,1980-10,,,,,111.0052,209.3227,74.8,,11.751363636363635,
JP,1980-11,,,,,110.0842,213.1059,74.9,,12.68470588235294,
JP,1980-12,,,,,111.6539,209.4886,74.7,,12.844090909090909,
JP,1981-01,,,,,116.3524,202.3667,75.5,,12.568571428571428,
JP,1981-02,,,,,115.6715,205.7167,75.4,,13.194444444444445,
JP,1981-03,,,,,113.345,208.7918,75.6,,13.115909090909092,
JP,1981-04,,,,,111.3571,214.9759,76.2,,13.67952380952381,
JP,1981-05,,,,,110.9118,220.6285,76.9,,14.0995,
JP,1981-06,,,,,110.0031,224.1805,77.0,,13.472272727272726,
JP,1981-07,,,,,105.9142,232.3261,76.8,,14.280909090909091,
JP,1981-08,,,,,105.4346,233.3262,76.5,,14.937142857142858,
JP,1981-09,,,,,106.2794,229.481,77.6,,15.323809523809524,
JP,1981-10,,,,,104.5794,231.519,77.9,,15.14809523809524,
JP,1981-11,,,,,106.8648,223.1267,77.8,,13.392777777777777,
JP,1981-12,,,,,109.4847,218.9545,77.9,,13.724545454545455,
JP,1982-01,,,,,106.911,224.805,77.9,,14.594,
JP,1982-02,,,,,102.93,235.3056,77.8,,14.425555555555556,
JP,1982-03,,,,,101.4892,241.2283,77.9,,13.861304347826087,
JP,1982-04,,,,,100.8421,244.1068,78.5,,13.871904761904762,
JP,1982-05,,,,,102.5173,236.9635,78.8,,13.622499999999999,
JP,1982-06,,,,,98.08734,251.1977,78.8,,14.299545454545454,
JP,1982-07,,,,,96.44578,255.031,78.3,,13.946190476190477,
JP,1982-08,,,,,95.70282,259.0455,78.9,,13.055,
JP,1982-09,,,,,96.02941,263.2857,80.1,,12.33904761904762,
JP,1982-10,,,,,93.69563,271.615,80.3,,10.9065,
JP,1982-11,,,,,95.51066,264.0879,79.6,,10.550526315789474,
JP,1982-12,,,,,102.763,241.9413,79.5,,10.54,
JP,1983-01,,,,,106.7834,232.731,79.6,,10.457142857142857,
JP,1983-02,,,,,105.4035,236.1211,79.3,,10.724736842105264,
JP,1983-03,,,,,105.8851,238.2543,79.7,,10.506521739130434,
JP,1983-04,,,,,106.6059,237.7467,80.1,,10.4,
JP,1983-05,,,,,108.783,234.7557,80.9,,10.379999999999999,
JP,1983-06,,,,,106.5155,240.0314,80.4,,10.848636363636363,
JP,1983-07,,,,,106.0328,240.516,80.1,,11.376999999999999,
JP,1983-08,,,,,104.8226,244.4613,79.9,,11.846086956521738,
JP,1983-09,,,,,106.4574,242.3462,80.8,,11.653809523809523,
JP,1983-10,,,,,111.1076,232.8855,81.5,,11.541,
JP,1983-11,,,,,110.2686,235.03,81.1,,11.690000000000001,
JP,1983-12,,,,,110.8417,234.4624,80.8,,11.82952380952381,
JP,1984-01,,,,,111.5541,233.8,81.1,,11.674285714285714,
JP,1984-02,,,,,110.6833,233.5963,81.6,,11.842105263157896,
JP,1984-03,,,,,113.417,225.2664,81.7,,12.319090909090908,
JP,1984-04,,,,,114.0669,225.2,81.9,,12.6335,
JP,1984-05,,,,,113.2675,230.4777,82.5,,13.408636363636363,
JP,1984-06,,,,,111.316,233.5657,81.9,,13.562857142857142,
JP,1984-07,,,,,108.6339,243.0676,82.1,,13.362380952380953,
JP,1984-08,,,,,108.002,242.2609,81.4,,12.716086956521737,
JP,1984-09,,,,,109.6478,245.4568,82.7,,12.522631578947369,
JP,1984-10,,,,,110.0026,246.7545,83.2,,12.160454545454543,
JP,1984-11,,,,,110.6138,243.6305,82.8,,11.572631578947368,
JP,1984-12,,,,,110.1822,247.964,83.0,,11.499500000000001,
JP,1985-01,,,,,108.3549,254.1829,83.2,,11.384285714285713,
JP,1985-02,,,,,106.4523,260.4778,82.9,,11.508888888888889,
JP,1985-03,,,,,107.6113,257.9205,83.2,,11.855238095238096,
JP,1985-04,,,,,108.6278,251.8455,83.8,,11.434761904761904,
JP,1985-05,,,,,108.8072,251.7295,83.9,,10.84681818181818,
JP,1985-06,,,,,109.4757,248.84,83.9,,10.156,
JP,1985-07,,6.4167,,,111.0076,241.1364,84.1,,10.306818181818182,
JP,1985-08,,6.2476,,,111.6204,237.4609,83.9,,10.331818181818182,
JP,1985-09,,6.4972,,,112.1784,236.5275,84.0,,10.373157894736842,
JP,1985-10,,6.66,,,122.3232,214.6805,84.8,,10.236818181818181,
JP,1985-11,,7.4185,,,127.0901,204.0737,84.1,,9.781578947368422,
JP,1985-12,,8.2425,,,127.2494,202.7881,84.2,,9.25904761904762,
JP,1986-01,,7.0455,,,127.9935,199.8905,84.5,,9.193809523809524,
JP,1986-02,,6.0256,,,136.927,184.8516,84.4,,8.704210526315789,
JP,1986-03,,5.7552,,,140.2578,178.6938,84.3,,7.778499999999999,
JP,1986-04,,4.9661,,,143.1008,175.0918,84.6,,7.29909090909091,
JP,1986-05,,4.3984,,,149.9703,167.0314,84.8,,7.70952380952381,
JP,1986-06,,4.5234,,,148.3745,167.5419,84.4,,7.7995238095238095,
JP,1986-07,,4.6298,,,156.222,158.6059,84.2,,7.303181818181818,
JP,1986-08,,4.6771,,,158.8528,154.1771,84.0,,7.1657142857142855,
JP,1986-09,,4.7585,,,158.1285,154.7314,84.4,,7.447619047619048,
JP,1986-10,,4.5365,,,156.4678,156.4723,84.5,,7.426363636363636,
JP,1986-11,,3.9048,,,149.6307,162.8494,84.1,,7.250555555555555,
JP,1986-12,,4.315,,,148.6143,162.0523,83.9,,7.112727272727272,
JP,1987-01,,4.3304,,,151.2676,154.8295,83.6,,7.0845,
JP,1987-02,,4.2768,,,150.7121,153.4068,83.6,,7.2505263157894735,
JP,1987-03,,3.9922,,,152.1741,151.4332,83.9,,7.248636363636364,
JP,1987-04,,3.7147,,,160.4917,142.8986,84.7,,8.022857142857143,
JP,1987-05,,3.2955,,,162.1395,140.479,84.8,,8.613,
JP,1987-06,,3.3073,,,157.2476,144.5495,84.7,,8.402272727272727,
JP,1987-07,,3.295,,,150.8339,150.2939,84.3,,8.44681818181818,
JP,1987-08,,3.3151,,,152.8093,147.3343,84.3,,8.76047619047619,
JP,1987-09,,3.5142,,,156.9559,143.291,85.1,,9.421904761904763,
JP,1987-10,,3.5,,,155.8706,143.32,85.1,,9.520000000000001,
JP,1987-11,,3.5268,,,160.628,135.3974,84.7,,8.860526315789473,
JP,1987-12,,3.9575,,,166.7541,128.2418,84.6,,8.987727272727271,
JP,1988-01,,3.6994,,,166.9971,127.6853,84.3,,8.66578947368421,
JP,1988-02,,3.5852,,,165.3473,129.1665,84.2,,8.212,
JP,1988-03,,3.7734,,,166.3176,127.1139,84.5,,8.373478260869565,
JP,1988-04,,3.4946,,,168.7647,124.8976,84.9,,8.7185,
JP,1988-05,,3.4643,,,168.3189,124.7871,85.0,,9.08904761904762,
JP,1988-06,,3.5938,,,165.758,127.4655,84.8,,8.921363636363637,
JP,1988-07,,3.8646,,,160.2254,133.0215,84.7,,9.056000000000001,
JP,1988-08,,3.98,,,160.4643,133.7661,84.9,,9.260434782608696,
JP,1988-09,,4.0852,,,159.8016,134.3176,85.6,,8.977142857142857,
JP,1988-10,,4.1712,,,165.7291,128.6805,86.0,,8.7955,
JP,1988-11,,3.9432,,,169.0556,123.202,85.7,,8.9625,
JP,1988-12,,4.3625,,,166.9942,123.6076,85.4,,9.105714285714285,
JP,1989-01,4.8,4.09375,,,163.0301,127.3625,85.3,,9.0915,
JP,1989-02,4.894,4.17928,,,160.9827,127.7374,85.0,,9.168947368421053,
JP,1989-03,5.147,4.25426,,,158.5772,130.5504,85.4,,9.357727272727272,
JP,1989-04,5.221,4.42031,,,158.42,132.0365,86.9,,9.1755,
JP,1989-05,5.174,4.675,,,152.641,137.8636,87.4,,8.85909090909091,
JP,1989-06,5.225,5.13778,,,147.1769,143.9809,87.4,,8.277272727272727,
JP,1989-07,5.04,5.2247,,,147.6076,140.424,87.2,,8.0185,
JP,1989-08,4.883,5.38043,,,147.1055,141.4852,87.1,,8.112608695652174,
JP,1989-09,5.096,5.43125,,,144.3406,145.07,87.9,,8.1905,
JP,1989-10,5.156,6.00893,,,145.9257,142.2067,88.5,,8.007619047619048,
JP,1989-11,5.371,6.15156,,,142.4105,143.5343,87.6,,7.8742857142857146,
JP,1989-12,5.52,6.44792,,,141.6598,143.685,87.7,,7.836,
JP,1990-01,6.449,6.58059,,,138.9513,144.9819,88.1,,8.206666666666667,23.347272727272728
JP,1990-02,6.778,6.64309,,,137.9799,145.6932,88.2,,8.473157894736843,23.262631578947367
JP,1990-03,6.899,6.81696,,,131.503,153.3082,88.5,,8.588636363636363,20.062272727272727
JP,1990-04,6.906,7.1625,,,127.2118,158.4586,89.3,,8.7855,21.4035
JP,1990-05,6.508,7.25893,,,131.0828,154.0441,89.7,,8.758181818181818,18.097727272727273
JP,1990-06,6.421,7.36458,,,130.2279,153.6957,89.4,,8.48,16.82238095238095
JP,1990-07,6.772,7.52415,,,131.8574,149.0395,89.2,,8.471428571428572,18.392857142857142
JP,1990-08,7.62,7.54348,,,131.1477,147.4609,89.5,,8.752608695652174,28.175217391304347
JP,1990-09,8.032,7.76316,,,139.0717,138.4405,90.2,,8.893157894736841,29.10736842105263
JP,1990-10,7.6,7.81108,,,148.6956,129.5909,91.2,,8.719545454545456,29.625652173913043
JP,1990-11,7.08,8.07656,,,149.1587,129.2155,91.1,,8.392,24.885714285714286
JP,1990-12,6.454,8.22969,,,144.3968,133.889,91.0,,8.075,23.363
JP,1991-01,6.432,8.05428,,,144.8288,133.6986,91.6,,8.091904761904763,27.429090909090913
JP,1991-02,6.309,8.12007,,,146.0734,130.5358,91.3,,7.854736842105264,21.59842105263158
JP,1991-03,6.591,8.27813,,,143.7204,137.3867,91.8,,8.11,17.74421052631579
JP,1991-04,6.64,8.23363,,,146.3367,137.1127,92.3,,8.039090909090909,17.37272727272727
JP,1991-05,6.637,8.03274,,,145.9747,138.2218,92.8,,8.067727272727273,16.93227272727273
JP,1991-06,6.735,8.04063,,,145.1409,139.7475,92.4,,8.284,17.134999999999998
JP,1991-07,6.67,7.4606,,,146.5221,137.83,92.3,,8.272727272727273,17.294090909090908
JP,1991-08,6.414,7.48438,,,146.3526,136.8164,92.5,,7.9,15.681363636363637
JP,1991-09,6.081,7.04934,,,147.3465,134.2995,92.7,,7.65,16.9565
JP,1991-10,5.885,6.85795,,,152.6039,130.7723,93.7,,7.527272727272727,16.36391304347826
JP,1991-11,5.927,6.38281,,,151.8727,129.6321,93.8,,7.417368421052632,17.773500000000002
JP,1991-12,5.719,6.30952,,,151.4755,128.0395,93.4,,7.088571428571429,18.347619047619048
JP,1992-01,5.449,5.52632,,,154.2712,125.4614,93.2,,7.032380952380953,17.68318181818182
JP,1992-02,5.578,5.68257,,,151.6349,127.6989,93.1,,7.337894736842105,17.47736842105263
JP,1992-03,5.531,5.65327,,,147.3326,132.8627,93.6,,7.542272727272728,17.520454545454545
JP,1992-04,5.71,4.76637,,,146.6837,133.5395,94.6,,7.480476190476191,16.562857142857144
JP,1992-05,5.739,4.74507,,,148.5351,130.771,94.6,,7.392,15.077000000000002
JP,1992-06,5.64,4.75284,,,151.3007,126.8355,94.6,,7.261818181818182,15.203181818181816
JP,1992-07,5.408,4.53125,,,148.8652,125.8817,93.8,,6.844545454545455,13.601818181818182
JP,1992-08,5.112,4.11905,,,147.5075,126.231,94.1,,6.585714285714286,14.421904761904763
JP,1992-09,5.021,4.22656,,,152.6969,122.5967,94.6,,6.415238095238095,13.696666666666667
JP,1992-10,5.015,4.07386,,,156.7001,121.1652,94.6,,6.589047619047619,17.63681818181818
JP,1992-11,4.868,3.94572,,,156.8621,123.88,94.5,,6.873157894736842,14.4245
JP,1992-12,4.848,3.89489,,,157.1911,124.0409,94.5,,6.77,12.191363636363635
JP,1993-01,4.723,3.89967,,,156.2721,124.9932,94.4,,6.6000000000000005,12.409
JP,1993-02,4.409,3.27632,,,162.325,120.7595,94.5,,6.258947368421053,13.72157894736842
JP,1993-03,4.318,3.24185,,,167.149,117.0174,94.7,,5.975217391304348,13.60608695652174
JP,1993-04,4.593,3.17857,,,172.3505,112.4114,95.4,,5.9695238095238095,12.840952380952379
JP,1993-05,4.943,3.2066,,,175.3698,110.343,95.4,,6.0355,13.606
JP,1993-06,4.836,3.21429,,,180.9278,107.4118,95.4,,5.962727272727273,12.524090909090908
JP,1993-07,4.517,3.26278,,,182.3749,107.6914,95.6,,5.805238095238095,11.50047619047619
JP,1993-08,4.407,3.12926,,,189.3965,103.765,95.9,,5.677727272727273,11.928636363636365
JP,1993-09,4.016,2.85781,,,184.195,105.5748,96.0,,5.36,12.931428571428572
JP,1993-10,3.931,2.50781,,,180.7722,107.02,95.9,,5.334,11.875238095238094
JP,1993-11,3.762,2.49531,,,179.3068,107.8765,95.4,,5.724,14.083809523809524
JP,1993-12,3.396,2.44196,,,175.2322,109.913,95.4,,5.774090909090909,11.356363636363637
JP,1994-01,3.597,2.33125,,,178.0953,111.4415,95.5,465062.8,5.750500000000001,11.29047619047619
JP,1994-02,4.041,2.24013,,,185.4292,106.3011,95.5,465062.8,5.9731578947368416,13.64421052631579
JP,1994-03,4.453,2.25,,,186.6425,105.0974,96.0,465062.8,6.482608695652174,15.223478260869564
JP,1994-04,4.093,2.175,,,188.9704,103.4843,96.2,461493.2,6.972105263157895,16.471052631578946
JP,1994-05,3.984,2.09046,,,186.2416,103.7533,96.3,461493.2,7.183333333333333,13.897142857142857
JP,1994-06,4.278,2.0625,,,186.4626,102.5264,95.9,461493.2,7.101363636363636,13.408636363636363
JP,1994-07,4.531,2.08185,,,190.836,98.445,95.4,466135.6,7.298,12.4845
JP,1994-08,4.778,2.13043,,,187.3081,99.9404,95.9,466135.6,7.236086956521739,11.889130434782608
JP,1994-09,4.642,2.18906,,,187.7231,98.7743,96.2,466135.6,7.457142857142857,13.233333333333333
JP,1994-10,4.684,2.2375,,,187.8802,98.353,96.6,464396.1,7.744,15.245238095238093
JP,1994-11,4.718,2.26719,,,188.0193,98.044,96.3,464396.1,7.955,16.383809523809525
JP,1994-12,4.561,2.29315,,,184.133,100.1824,96.1,464396.1,7.813809523809524,14.177142857142858
JP,1995-01,4.605,2.25,1.262,2.245,182.365,99.766,96.1,468893.7,7.7795000000000005,12.274285714285714
JP,1995-02,4.515,2.21719,1.262,2.245,183.4288,98.2368,95.8,468893.7,7.469473684210525,11.47
JP,1995-03,4.113,2.18892,1.262,2.245,195.2258,90.5196,95.7,468893.7,7.204782608695653,12.166521739130435
JP,1995-04,3.545,1.525,1.192,2.155,209.5686,83.6895,96.0,473150.6,7.062631578947368,12.442631578947369
JP,1995-05,3.386,1.31325,1.192,2.155,205.1753,85.1127,96.2,473150.6,6.632727272727274,12.265909090909092
JP,1995-06,3.024,1.27909,1.192,2.155,206.0405,84.6355,96.1,473150.6,6.168181818181818,11.896818181818183
JP,1995-07,2.933,0.94667,1.228,2.204,197.9654,87.397,95.6,478592.3,6.2780000000000005,12.514
JP,1995-08,3.215,0.88174,1.228,2.204,184.0832,94.7383,95.7,478592.3,6.488260869565217,12.798260869565217
JP,1995-09,3.03,0.5735,1.228,2.204,173.9097,100.5455,96.3,478592.3,6.1975,12.057
JP,1995-10,2.925,0.46667,1.263,2.251,171.3169,100.839,96.0,479789.5,6.044761904761905,14.357272727272727
JP,1995-11,3.048,0.4605,1.263,2.251,168.9361,101.94,95.7,479789.5,5.93047619047619,12.46904761904762
JP,1995-12,2.983,0.45905,1.263,2.251,169.523,101.8495,95.7,479789.5,5.7115,11.7485
JP,1996-01,3.12,0.46632,1.306,2.309,162.5353,105.7514,95.6,484271.2,5.652380952380953,13.473636363636365
JP,1996-02,3.271,0.458,1.306,2.309,161.3582,105.788,95.4,484271.2,5.8055,15.032999999999998
JP,1996-03,3.299,0.4555,1.306,2.309,160.9199,105.94,95.6,484271.2,6.268571428571428,17.76238095238095
JP,1996-04,3.301,0.48571,1.349,2.366,158.6487,107.1995,96.2,489495.2,6.511363636363637,16.575238095238095
JP,1996-05,3.388,0.46857,1.349,2.366,160.4965,106.3423,96.4,489495.2,6.736818181818182,16.14636363636364
JP,1996-06,3.252,0.4715,1.349,2.366,156.8261,108.96,96.1,489495.2,6.912000000000001,16.395
JP,1996-07,3.294,0.48217,1.364,2.387,155.8738,109.1909,96.0,490385.2,6.865454545454545,17.978636363636365
JP,1996-08,3.209,0.44409,1.364,2.387,156.7767,107.8659,95.9,490385.2,6.635454545454545,15.760454545454547
JP,1996-09,2.928,0.46789,1.364,2.387,154.4057,109.931,96.3,490385.2,6.832000000000001,16.578
JP,1996-10,2.8,0.475,1.38,2.408,151.2207,112.4123,96.5,495641.6,6.533636363636364,16.38173913043478
JP,1996-11,2.759,0.477,1.38,2.408,150.1016,112.2958,96.2,495641.6,6.203684210526316,15.997
JP,1996-12,2.597,0.486,1.38,2.408,149.1414,113.981,96.3,495641.6,6.302380952380952,19.260952380952382
JP,1997-01,2.632,0.48421,1.368,2.394,144.0076,117.9124,96.2,498905.9,6.579047619047619,19.473333333333333
JP,1997-02,2.583,0.49526,1.368,2.394,138.4682,122.9621,96.0,498905.9,6.419473684210526,20.139473684210525
JP,1997-03,2.524,0.51,1.368,2.394,139.4942,122.7738,96.1,498905.9,6.6945,20.169999999999998
JP,1997-04,2.382,0.49619,1.355,2.378,139.1099,125.6377,98.0,495398.6,6.885454545454545,19.662272727272725
JP,1997-05,2.736,0.48619,1.355,2.378,147.3497,119.1924,98.2,495398.6,6.7109523809523814,19.924761904761905
JP,1997-06,2.684,0.49571,1.355,2.378,152.8971,114.2857,98.2,495398.6,6.493809523809524,20.194285714285712
JP,1997-07,2.505,0.49273,1.301,2.308,153.6886,115.3759,97.8,496172.1,6.220454545454545,20.529090909090908
JP,1997-08,2.354,0.48476,1.301,2.308,152.3512,117.9295,97.9,496172.1,6.298571428571429,23.084761904761905
JP,1997-09,2.21,0.498,1.301,2.308,150.7416,120.89,98.6,496172.1,6.208571428571428,23.812380952380952
JP,1997-10,1.994,0.48,1.247,2.238,152.7439,121.0605,98.9,496111.7,6.029545454545455,23.87086956521739
JP,1997-11,1.941,0.49111,1.247,2.238,148.4104,125.3817,98.2,496111.7,5.875,32.20611111111111
JP,1997-12,1.939,0.39429,1.247,2.238,150.9281,129.7341,98.0,496111.7,5.808636363636364,26.276363636363637
JP,1998-01,1.948,0.43526,1.187,2.162,158.9707,129.5475,97.9,488262.0,5.5445,23.8665
JP,1998-02,2.0,0.43368,1.187,2.162,158.5342,125.8516,97.8,488262.0,5.574736842105263,19.998947368421053
JP,1998-03,1.855,0.43091,1.187,2.162,154.1244,129.0823,98.2,488262.0,5.647272727272727,20.158636363636365
JP,1998-04,1.867,0.44333,1.13,2.087,148.3142,131.7536,98.4,485563.5,5.637619047619047,22.02857142857143
JP,1998-05,1.655,0.42789,1.13,2.087,146.9475,134.896,98.7,485563.5,5.6525,20.874000000000002
JP,1998-06,1.54,0.43682,1.13,2.087,143.9004,140.3305,98.3,485563.5,5.496363636363636,21.66272727272727
JP,1998-07,1.683,0.41318,1.06,1.996,142.7038,140.7874,97.7,486200.8,5.461363636363637,19.930000000000003
JP,1998-08,1.502,0.42714,1.06,1.996,137.9312,144.68,97.6,486200.8,5.341904761904762,31.58809523809524
JP,1998-09,1.103,0.3215,1.06,1.996,147.5384,134.4805,98.4,486200.8,4.806666666666667,38.2047619047619
JP,1998-10,0.879,0.23545,0.993,1.909,160.4016,121.0486,99.1,490395.9,4.529999999999999,36.60818181818182
JP,1998-11,0.977,0.20158,0.993,1.909,160.0741,120.2895,99.0,490395.9,4.827368421052632,26.223000000000003
JP,1998-12,1.488,0.25095,0.993,1.909,162.9294,117.0709,98.6,490395.9,4.645,25.479090909090907
JP,1999-01,1.91,0.22526,0.94,1.839,168.8002,113.29,98.1,483233.8,4.722105263157895,28.035263157894736
JP,1999-02,2.117,0.17632,0.94,1.839,164.3216,116.6684,97.7,483233.8,4.998947368421053,28.82263157894737
JP,1999-03,1.816,0.04091,0.94,1.839,161.7877,119.473,97.8,483233.8,5.232608695652174,25.309565217391306
JP,1999-04,1.563,0.03143,0.883,1.764,161.7804,119.7723,98.3,485676.6,5.184545454545455,23.478571428571428
JP,1999-05,1.334,0.03,0.883,1.764,157.9025,121.9995,98.3,485676.6,5.539499999999999,26.204500000000003
JP,1999-06,1.632,0.03,0.883,1.764,159.4688,120.7245,98.0,485676.6,5.899545454545454,23.626363636363635
JP,1999-07,1.703,0.03,0.901,1.789,159.8889,119.3305,97.6,488374.8,5.791904761904762,21.04904761904762
JP,1999-08,1.878,0.03,0.901,1.789,169.4446,113.2268,97.9,488374.8,5.9390909090909085,24.323636363636364
JP,1999-09,1.759,0.0325,0.901,1.789,179.7633,106.8752,98.2,488374.8,5.915238095238095,24.541428571428572
JP,1999-10,1.692,0.0245,0.918,1.812,181.0775,105.965,98.4,488082.5,6.112,24.021428571428572
JP,1999-11,1.817,0.0275,0.918,1.812,182.3361,104.6485,97.8,488082.5,6.034,21.81809523809524
JP,1999-12,1.767,0.02429,0.918,1.812,185.8079,102.5843,97.5,488082.5,6.275454545454545,22.15909090909091
JP,2000-01,1.691,0.02053,0.953,1.857,179.3988,105.296,97.4,497257.1,6.661,23.202
JP,2000-02,1.796,0.0345,0.953,1.857,172.7159,109.3885,97.1,497257.1,6.519499999999999,23.5955
JP,2000-03,1.819,0.02136,0.953,1.857,178.0984,106.3074,97.3,497257.1,6.256521739130435,22.718260869565217
JP,2000-04,1.74,0.02,0.986,1.902,181.3645,105.627,97.5,500294.3,5.990526315789474,27.164210526315788
JP,2000-05,1.705,0.021,0.986,1.902,179.8728,108.3205,97.6,500294.3,6.440454545454545,26.37318181818182
JP,2000-06,1.664,0.02091,0.986,1.902,181.2385,106.1255,97.4,500294.3,6.097272727272728,21.54
JP,2000-07,1.689,0.021,1.002,1.922,178.5995,108.2115,97.1,500069.7,6.054,19.893
JP,2000-08,1.75,0.15522,1.002,1.922,179.0646,108.0804,97.4,500069.7,5.826086956521739,18.088695652173914
JP,2000-09,1.876,0.2495,1.002,1.922,182.1878,106.8375,97.3,500069.7,5.799,19.6875
JP,2000-10,1.815,0.24762,1.015,1.941,181.2937,108.4429,97.3,505252.0,5.738571428571428,25.2
JP,2000-11,1.764,0.2475,1.015,1.941,180.7838,109.0095,97.0,505252.0,5.717142857142857,26.38285714285714
JP,2000-12,1.624,0.24143,1.015,1.941,174.1592,112.209,97.1,505252.0,5.2405,26.5305
JP,2001-01,1.508,0.24895,1.04,1.974,165.8722,116.6719,97.1,508205.5,5.160952380952381,24.918571428571425
JP,2001-02,1.415,0.24842,1.04,1.974,166.4809,116.2337,96.8,508205.5,5.098947368421053,23.411578947368422
JP,2001-03,1.169,0.10667,1.04,1.974,161.5591,121.505,96.7,508205.5,4.885454545454546,28.49681818181818
JP,2001-04,1.315,0.02,1.063,2.007,159.3828,123.771,96.8,504350.4,5.141,28.133999999999997
JP,2001-05,1.25,0.01857,1.063,2.007,161.7995,121.7682,96.9,504350.4,5.391363636363637,22.944090909090907
JP,2001-06,1.152,0.01762,1.063,2.007,162.1514,122.351,96.7,504350.4,5.284285714285714,20.94047619047619
JP,2001-07,1.305,0.01286,1.046,1.985,158.6505,124.4981,96.4,498413.6,5.236190476190477,22.316190476190474
JP,2001-08,1.343,0.01,1.046,1.985,159.8529,121.367,96.7,498413.6,4.971304347826087,21.86173913043478
JP,2001-09,1.346,0.00505,1.046,1.985,163.2243,118.6117,96.6,498413.6,4.731764705882353,35.065333333333335
JP,2001-10,1.363,0.00314,1.027,1.963,160.9635,121.4536,96.6,497325.4,4.566818181818181,32.72130434782609
JP,2001-11,1.328,0.00243,1.027,1.963,159.3888,122.4055,96.1,497325.4,4.6515,26.63095238095238
JP,2001-12,1.334,0.00184,1.027,1.963,153.1387,127.5945,96.0,497325.4,5.0875,23.72
JP,2002-01,1.42,0.00111,0.974,1.894,146.2546,132.6833,95.8,498585.5,5.035714285714286,22.252857142857142
JP,2002-02,1.501,0.001,0.974,1.894,144.3463,133.6426,95.3,498585.5,4.911578947368421,22.87578947368421
JP,2002-03,1.421,0.00205,0.974,1.894,146.3566,131.061,95.5,498585.5,5.284000000000001,18.985
JP,2002-04,1.394,0.00148,0.92,1.825,146.0817,130.7718,95.8,502164.0,5.210909090909091,19.900454545454547
JP,2002-05,1.365,0.00138,0.92,1.825,149.6114,126.375,96.1,502164.0,5.164545454545455,20.087727272727275
JP,2002-06,1.328,0.0014,0.92,1.825,151.4916,123.2905,96.0,502164.0,4.9265,25.271
JP,2002-07,1.296,0.00178,0.877,1.771,156.6074,117.8991,95.6,503709.8,4.653181818181818,34.04954545454546
JP,2002-08,1.255,0.00186,0.877,1.771,156.6029,118.9927,95.9,503709.8,4.257272727272727,33.74272727272727
JP,2002-09,1.129,0.00526,0.877,1.771,153.9437,121.078,95.9,503709.8,3.87,37.6475
JP,2002-10,1.095,0.00191,0.835,1.718,150.1892,123.9077,95.7,504886.4,3.940909090909091,35.24304347826087
JP,2002-11,0.979,0.00195,0.835,1.718,151.849,121.6079,95.7,504886.4,4.048421052631579,28.175
JP,2002-12,0.975,0.00195,0.835,1.718,150.267,121.8929,95.7,504886.4,4.032380952380952,28.21047619047619
JP,2003-01,0.836,0.002,0.827,1.71,151.0542,118.8133,95.4,504305.3,4.048571428571428,27.424285714285713
JP,2003-02,0.828,0.001,0.827,1.71,148.8851,119.3379,95.1,504305.3,3.9026315789473687,32.21842105263158
JP,2003-03,0.724,0.002,0.827,1.71,150.2693,118.6871,95.4,504305.3,3.8071428571428574,30.634285714285717
JP,2003-04,0.663,0.001,0.821,1.704,148.3937,119.895,95.7,508466.2,3.958571428571428,23.99190476190476
JP,2003-05,0.577,0.001,0.821,1.704,149.3515,117.3681,95.9,508466.2,3.5690476190476192,20.23952380952381
JP,2003-06,0.529,0.001,0.821,1.704,147.2935,118.329,95.6,508466.2,3.334285714285714,20.362380952380953
JP,2003-07,0.956,0.002,0.827,1.714,147.3871,118.6959,95.4,509942.2,3.975454545454546,19.161363636363635
JP,2003-08,1.406,0.001,0.827,1.714,147.9485,118.6624,95.6,509942.2,4.4452380952380945,19.274285714285714
JP,2003-09,1.42,0.002,0.827,1.714,151.3759,114.8,95.7,509942.2,4.274285714285715,19.532380952380954
JP,2003-10,1.437,0.001,0.832,1.722,156.689,109.4955,95.7,515099.4,4.290454545454545,18.023478260869567
JP,2003-11,1.333,0.001,0.832,1.722,155.8905,109.1778,95.2,515099.4,4.300000000000001,17.40105263157895
JP,2003-12,1.33,0.001,0.832,1.722,156.067,107.7377,95.3,515099.4,4.267727272727273,16.826363636363638
JP,2004-01,1.33,0.0,0.837,1.731,155.6852,106.2685,95.1,519510.5,4.1505,16.101
JP,2004-02,1.211,0.001,0.837,1.731,154.6134,106.7079,95.1,519510.5,4.084210526315789,15.99842105263158
JP,2004-03,1.418,0.001,0.837,1.731,152.9825,108.5157,95.3,519510.5,3.826521739130435,17.687391304347827
JP,2004-04,1.52,0.0,0.841,1.739,154.0342,107.6564,95.3,519126.3,4.347619047619047,15.69857142857143
JP,2004-05,1.505,0.001,0.841,1.739,149.1544,112.196,95.4,519126.3,4.7155000000000005,17.705000000000002
JP,2004-06,1.807,0.001,0.841,1.739,152.9666,109.4336,95.6,519126.3,4.733809523809524,15.342727272727274
JP,2004-07,1.808,0.0,0.844,1.744,151.409,109.4871,95.3,522003.9,4.498095238095239,15.502380952380953
JP,2004-08,1.588,0.001,0.844,1.744,150.634,110.2336,95.4,522003.9,4.281363636363636,16.68409090909091
JP,2004-09,1.393,0.001,0.844,1.744,150.5782,110.0914,95.7,522003.9,4.1257142857142854,14.08095238095238
JP,2004-10,1.483,0.001,0.845,1.747,151.5101,108.7835,96.2,520014.8,4.0969999999999995,14.973809523809523
JP,2004-11,1.452,0.001,0.845,1.747,154.5843,104.699,96.0,520014.8,4.194,13.577619047619047
JP,2004-12,1.397,0.001,0.845,1.747,153.4665,103.8104,95.5,520014.8,4.2309090909090905,12.459545454545456
JP,2005-01,1.31,0.001,0.851,1.756,153.827,103.341,95.3,523233.9,4.221500000000001,13.437999999999999
JP,2005-02,1.419,0.001,0.851,1.756,149.5801,104.9442,95.0,523233.9,4.165263157894737,11.708947368421052
JP,2005-03,1.325,0.002,0.851,1.756,148.8972,105.2543,95.3,523233.9,4.497727272727273,13.126363636363635
JP,2005-04,1.257,0.001,0.857,1.765,146.8747,107.1938,95.4,528261.8,4.3409523809523805,14.459047619047618
JP,2005-05,1.238,0.001,0.857,1.765,148.2298,106.5952,95.5,528261.8,4.144285714285714,13.967619047619047
JP,2005-06,1.143,0.001,0.857,1.765,146.4389,108.7473,95.1,528261.8,3.998181818181818,11.868636363636364
JP,2005-07,1.295,0.001,0.858,1.769,142.2525,111.9535,95.0,533021.3,4.1775,11.049
JP,2005-08,1.365,0.001,0.858,1.769,142.1791,110.6065,95.1,533021.3,4.262608695652174,12.951304347826087
JP,2005-09,1.45,0.001,0.858,1.769,141.4945,111.239,95.4,533021.3,4.199047619047619,12.628095238095238
JP,2005-10,1.513,0.001,0.86,1.773,136.7241,114.8695,95.4,534523.0,4.4635,14.937619047619048
JP,2005-11,1.454,0.001,0.86,1.773,132.791,118.454,95.0,534523.0,4.535,12.147619047619047
JP,2005-12,1.488,0.001,0.86,1.773,132.1645,118.4624,95.1,534523.0,4.467142857142857,11.26
JP,2006-01,1.547,0.001,0.817,1.717,133.0632,115.4765,95.2,534939.6,4.416,12.036
JP,2006-02,1.598,0.001,0.817,1.717,129.5248,117.8605,94.9,534939.6,4.568947368421052,12.471052631578948
JP,2006-03,1.759,0.002,0.817,1.717,130.3343,117.2778,95.1,534939.6,4.7239130434782615,11.69391304347826
JP,2006-04,1.956,0.002,0.775,1.663,128.9983,117.0695,95.3,536419.1,4.990526315789474,11.84736842105263
JP,2006-05,1.849,0.02,0.775,1.663,133.9842,111.7305,95.6,536419.1,5.11,14.454545454545455
JP,2006-06,1.901,0.036,0.775,1.663,131.9494,114.625,95.6,536419.1,5.106363636363636,16.918636363636363
JP,2006-07,1.927,0.155,0.716,1.586,129.7097,115.767,95.3,536339.6,5.0875,15.325999999999999
JP,2006-08,1.668,0.25,0.716,1.586,129.682,115.9243,96.0,536339.6,4.8765217391304345,13.351739130434783
JP,2006-09,1.628,0.261,0.716,1.586,128.178,117.2145,96.0,536339.6,4.718999999999999,12.1845
JP,2006-10,1.718,0.254,0.657,1.509,126.354,118.609,95.8,543555.1,4.729047619047619,11.306363636363637
JP,2006-11,1.69,0.257,0.657,1.509,125.809,117.3205,95.3,543555.1,4.595238095238095,10.817619047619049
JP,2006-12,1.645,0.255,0.657,1.509,123.9901,117.322,95.4,543555.1,4.5645,10.9645
JP,2007-01,1.705,0.267,0.616,1.456,120.5298,120.4471,95.2,547465.0,4.7595238095238095,11.0425
JP,2007-02,1.64,0.357,0.616,1.456,118.8181,120.5047,94.7,547465.0,4.722631578947369,11.155263157894737
JP,2007-03,1.629,0.509,0.616,1.456,121.7906,117.26,95.0,547465.0,4.5645454545454545,15.162727272727272
JP,2007-04,1.653,0.511,0.576,1.404,118.935,118.9324,95.3,548310.5,4.6938095238095245,12.933000000000002
JP,2007-05,1.733,0.521,0.576,1.404,116.5656,120.7732,95.6,548310.5,4.746363636363636,13.297727272727274
JP,2007-06,1.903,0.51,0.576,1.404,114.0187,122.6886,95.4,548310.5,5.102857142857142,14.947619047619046
JP,2007-07,1.809,0.499,0.518,1.329,113.2268,121.4148,95.3,544702.2,5.0042857142857144,17.273333333333333
JP,2007-08,1.577,0.485,0.518,1.329,119.1858,116.7335,95.8,544702.2,4.674782608695652,25.02608695652174
JP,2007-09,1.698,0.51,0.518,1.329,119.5307,115.0435,95.8,544702.2,4.521578947368421,22.198947368421056
JP,2007-10,1.616,0.506,0.459,1.253,116.3771,115.8661,96.0,547804.9,4.527727272727272,19.115652173913045
JP,2007-11,1.497,0.5,0.459,1.253,119.9834,111.0729,95.9,547804.9,4.1485,25.58238095238095
JP,2007-12,1.526,0.497,0.459,1.253,118.1288,112.449,96.0,547804.9,4.0975,21.651
JP,2008-01,1.429,0.502,0.397,1.173,121.6122,107.8181,95.9,548956.0,3.744285714285714,25.816190476190474
JP,2008-02,1.429,0.504,0.397,1.173,120.1206,107.03,95.7,548956.0,3.7375,25.456
JP,2008-03,1.245,0.511,0.397,1.173,126.3079,100.7562,96.1,548956.0,3.5100000000000002,27.103500000000004
JP,2008-04,1.6,0.506,0.334,1.092,122.4821,102.6777,96.0,546319.0,3.675,21.562727272727273
JP,2008-05,1.778,0.505,0.334,1.092,121.4466,104.3595,96.8,546319.0,3.8800000000000003,18.303333333333335
JP,2008-06,1.601,0.509,0.334,1.092,118.5027,106.9152,97.3,546319.0,4.099523809523809,22.11047619047619
JP,2008-07,1.537,0.503,0.287,1.031,117.3529,106.8518,97.5,540229.0,4.007727272727273,24.321818181818184
JP,2008-08,1.431,0.504,0.287,1.031,117.3698,109.3624,97.8,540229.0,3.8857142857142852,20.695714285714285
JP,2008-09,1.481,0.495,0.287,1.031,123.0034,106.5748,97.8,540229.0,3.6861904761904762,30.23857142857143
JP,2008-10,1.486,0.487,0.24,0.968,137.3429,99.9659,97.7,527418.7,3.814090909090909,61.17739130434782
JP,2008-11,1.377,0.301,0.24,0.968,145.1989,96.9656,96.8,527418.7,3.526666666666667,62.66894736842105
JP,2008-12,1.214,0.211,0.24,0.968,152.8215,91.275,96.4,527418.7,2.4163636363636365,52.405
JP,2009-01,1.272,0.12,0.178,0.887,153.8661,90.1205,95.9,504027.2,2.5175,44.683
JP,2009-02,1.277,0.111,0.178,0.887,151.4178,92.9158,95.6,504027.2,2.87,45.57052631578947
JP,2009-03,1.323,0.1,0.178,0.887,143.6646,97.855,95.9,504027.2,2.819545454545455,44.79545454545455
JP,2009-04,1.402,0.104,0.119,0.809,138.8504,98.92,96.0,509671.7,2.927142857142857,38.063809523809525
JP,2009-05,1.481,0.102,0.119,0.809,138.4208,96.6445,95.8,509671.7,3.293,31.977999999999998
JP,2009-06,1.363,0.104,0.119,0.809,136.3615,96.6145,95.6,509671.7,3.7218181818181817,29.140454545454546
JP,2009-07,1.386,0.102,0.065,0.737,138.8373,94.367,95.3,506344.8,3.5622727272727275,26.162727272727274
JP,2009-08,1.314,0.106,0.065,0.737,136.8416,94.8971,95.6,506344.8,3.587142857142857,25.337142857142858
JP,2009-09,1.258,0.102,0.065,0.737,140.4832,91.2748,95.6,506344.8,3.401904761904762,24.92666666666667
JP,2009-10,1.404,0.106,0.009,0.666,139.2474,90.3671,95.2,514487.1,3.3876190476190478,24.252272727272725
JP,2009-11,1.253,0.105,0.009,0.666,139.9209,89.2674,95.0,514487.1,3.4026315789473687,23.788999999999998
JP,2009-12,1.272,0.101,0.009,0.666,138.7241,89.9509,94.8,514487.1,3.5900000000000003,21.239545454545453
JP,2010-01,1.308,0.096,0.012,0.672,136.0832,91.1011,94.9,520864.1,3.7331578947368427,20.643157894736845
JP,2010-02,1.295,0.101,0.012,0.672,138.5189,90.1395,94.9,520864.1,3.691052631578947,22.54
JP,2010-03,1.361,0.097,0.012,0.672,136.9763,90.7161,95.1,520864.1,3.7273913043478264,17.767391304347825
JP,2010-04,1.286,0.093,0.012,0.674,131.7556,93.4527,95.1,528053.9,3.8468181818181817,17.424285714285716
JP,2010-05,1.257,0.091,0.012,0.674,136.6294,91.973,95.1,528053.9,3.4200000000000004,31.9295
JP,2010-06,1.08,0.095,0.012,0.674,139.1989,90.8059,94.9,528053.9,3.2040909090909087,29.916363636363634
JP,2010-07,1.075,0.094,0.053,0.731,141.3408,87.5005,94.4,537138.3,3.0114285714285716,25.565238095238094
JP,2010-08,1.023,0.095,0.053,0.731,143.4294,85.3727,94.5,537138.3,2.6986363636363637,24.74590909090909
JP,2010-09,0.898,0.091,0.053,0.731,143.363,84.3571,94.7,537138.3,2.6476190476190475,22.517619047619046
JP,2010-10,0.903,0.091,0.092,0.787,144.8493,81.7285,95.0,532541.0,2.54,20.37333333333333
JP,2010-11,1.161,0.091,0.092,0.787,142.6947,82.518,94.7,532541.0,2.763,20.095714285714287
JP,2010-12,1.133,0.087,0.092,0.787,141.1396,83.3376,94.5,532541.0,3.290909090909091,17.56954545454545
JP,2011-01,1.213,0.085,0.078,0.772,140.022,82.625,94.4,524893.6,3.3939999999999997,17.3155
JP,2011-02,1.241,0.093,0.078,0.772,138.4255,82.5368,94.4,524893.6,3.5763157894736843,17.43
JP,2011-03,1.214,0.085,0.078,0.772,139.0159,81.647,94.6,524893.6,3.4143478260869564,20.723478260869566
JP,2011-04,1.215,0.062,0.062,0.756,134.0435,83.1771,94.7,521546.9,3.4549999999999996,16.244
JP,2011-05,1.118,0.069,0.062,0.756,136.9877,81.1257,94.7,521546.9,3.168571428571429,16.91142857142857
JP,2011-06,1.084,0.069,0.062,0.756,137.5879,80.4259,94.6,521546.9,3.002272727272727,19.153181818181817
JP,2011-07,1.075,0.073,0.088,0.794,138.3402,79.2425,94.6,534011.8,3.003,19.2275
JP,2011-08,1.023,0.081,0.088,0.794,142.6685,76.9657,94.7,534011.8,2.3030434782608693,35.02913043478261
JP,2011-09,0.975,0.08,0.088,0.794,145.4523,76.7957,94.7,534011.8,1.975238095238095,36.53
JP,2011-10,1.038,0.081,0.114,0.833,146.8766,76.643,94.8,534214.5,2.152,32.829047619047614
JP,2011-11,1.062,0.077,0.114,0.833,144.5669,77.5595,94.2,534214.5,2.0134999999999996,31.94190476190476
JP,2011-12,0.971,0.078,0.114,0.833,144.8412,77.7967,94.3,534214.5,1.9780952380952381,25.047619047619047
JP,2012-01,0.959,0.08,0.19,0.936,145.2958,76.964,94.5,542325.0,1.9665,20.228
JP,2012-02,0.962,0.085,0.19,0.936,140.2022,78.47,94.7,542325.0,1.9675,18.4205
JP,2012-03,0.966,0.084,0.19,0.936,134.2905,82.4659,95.1,542325.0,2.1727272727272724,16.167272727272728
JP,2012-04,0.914,0.075,0.265,1.038,136.5406,81.2524,95.2,537309.7,2.052857142857143,17.823
JP,2012-05,0.846,0.084,0.265,1.038,140.8295,79.6668,94.9,537309.7,1.8031818181818182,21.001818181818184
JP,2012-06,0.789,0.076,0.265,1.038,142.2367,79.3152,94.4,537309.7,1.6223809523809525,21.13095238095238
JP,2012-07,0.78,0.084,0.27,1.049,141.5865,78.9348,94.1,535169.7,1.5266666666666668,17.565238095238094
JP,2012-08,0.8,0.086,0.27,1.049,140.9673,78.6909,94.3,535169.7,1.6782608695652175,15.689565217391305
JP,2012-09,0.757,0.085,0.27,1.049,140.4363,78.1353,94.4,535169.7,1.7231578947368422,15.284736842105264
JP,2012-10,0.76,0.085,0.276,1.061,138.2431,79.0132,94.4,534892.5,1.7461904761904763,16.276190476190475
JP,2012-11,0.713,0.086,0.276,1.061,134.2862,81.0305,94.1,534892.5,1.654,16.701904761904764
JP,2012-12,0.781,0.082,0.276,1.061,128.8065,83.7905,94.1,534892.5,1.719,17.307
JP,2013-01,0.775,0.083,0.265,1.05,120.2665,89.0581,94.2,541705.4,1.9147619047619049,13.505238095238095
JP,2013-02,0.669,0.08,0.265,1.05,114.5909,93.0016,94.0,541705.4,1.9842105263157896,14.072631578947368
JP,2013-03,0.492,0.08,0.265,1.05,113.4574,94.77,94.2,541705.4,1.9575,13.0315
JP,2013-04,0.589,0.07,0.254,1.04,110.059,97.7582,94.5,547279.2,1.7590909090909093,13.967272727272727
JP,2013-05,0.879,0.07,0.254,1.04,107.0612,100.9186,94.6,547279.2,1.9281818181818182,13.493636363636364
JP,2013-06,0.822,0.07,0.254,1.04,111.9736,97.235,94.6,547279.2,2.3,17.2715
JP,2013-07,0.79,0.07,0.251,1.04,110.0861,99.6727,94.8,552461.4,2.5822727272727275,13.974545454545455
JP,2013-08,0.708,0.07,0.251,1.04,112.5361,97.8123,95.1,552461.4,2.7372727272727273,14.21
JP,2013-09,0.669,0.07,0.251,1.04,110.5102,99.21,95.4,552461.4,2.8095,14.692000000000002
JP,2013-10,0.59,0.07,0.247,1.039,111.1369,97.77,95.5,551699.9,2.6159090909090907,15.407826086956522
JP,2013-11,0.605,0.07,0.247,1.039,109.3756,100.0737,95.5,551699.9,2.718421052631579,12.924000000000001
JP,2013-12,0.688,0.07,0.247,1.039,105.9651,103.46,95.6,551699.9,2.901904761904762,14.192380952380953
JP,2014-01,0.614,0.07,0.234,1.025,105.3366,103.7614,95.5,557449.2,2.858095238095238,14.24095238095238
JP,2014-02,0.586,0.08,0.234,1.025,107.3456,102.1253,95.5,557449.2,2.709473684210526,15.47
JP,2014-03,0.605,0.07,0.234,1.025,107.1009,102.3395,95.7,557449.2,2.723333333333333,14.836666666666666
JP,2014-04,0.61,0.06,0.221,1.013,108.5626,102.4582,97.7,549442.9,2.705238095238095,14.19809523809524
JP,2014-05,0.566,0.07,0.221,1.013,109.4111,101.7738,98.1,549442.9,2.559047619047619,12.475238095238096
JP,2014-06,0.536,0.07,0.221,1.013,109.0947,102.0629,98.0,549442.9,2.5985714285714288,11.541428571428572
JP,2014-07,0.527,0.07,0.185,0.969,109.101,101.74,98.1,550509.1,2.5422727272727275,12.296363636363635
JP,2014-08,0.488,0.07,0.185,0.969,108.2985,102.9438,98.3,550509.1,2.42,13.491904761904761
JP,2014-09,0.497,0.07,0.185,0.969,105.0489,107.4257,98.5,550509.1,2.5342857142857143,13.466666666666667
JP,2014-10,0.465,0.06,0.15,0.926,105.099,108.0264,98.2,553706.2,2.304090909090909,18.058695652173913
JP,2014-11,0.42,0.06,0.15,0.926,98.76886,116.2994,97.9,553706.2,2.3255555555555554,13.413157894736841
JP,2014-12,0.33,0.07,0.15,0.926,97.91389,119.3233,97.9,553706.2,2.2072727272727275,16.292272727272728
JP,2015-01,0.275,0.07,0.12,0.889,100.0544,118.25,97.8,562598.9,1.8815000000000002,19.1195
JP,2015-02,0.33,0.08,0.12,0.889,100.0547,118.76,97.6,562598.9,1.9752631578947368,15.90421052631579
JP,2015-03,0.4,0.07,0.12,0.889,99.59785,120.3945,97.9,562598.9,2.0427272727272725,14.812727272727273
JP,2015-04,0.34,0.06,0.091,0.854,99.58368,119.5095,98.4,562952.8,1.935,13.494761904761905
JP,2015-05,0.39,0.07,0.091,0.854,98.16346,120.798,98.7,562952.8,2.1975000000000002,13.3385
JP,2015-06,0.455,0.07,0.091,0.854,96.2342,123.7186,98.4,562952.8,2.3636363636363638,14.339545454545457
JP,2015-07,0.41,0.07,0.066,0.825,97.36816,123.3109,98.3,563777.8,2.3245454545454547,14.352727272727272
JP,2015-08,0.38,0.08,0.066,0.825,99.65417,123.0038,98.4,563777.8,2.1671428571428573,19.42809523809524
JP,2015-09,0.35,0.07,0.066,0.825,103.5606,120.1476,98.5,563777.8,2.172857142857143,24.377142857142857
JP,2015-10,0.3,0.08,0.042,0.796,102.4996,120.0481,98.5,562704.6,2.07,16.789545454545454
JP,2015-11,0.3,0.08,0.042,0.796,101.0005,122.6432,98.1,562704.6,2.263157894736842,16.21
JP,2015-12,0.27,0.07,0.042,0.796,102.2287,121.635,98.1,562704.6,2.2427272727272727,18.025454545454547
JP,2016-01,0.095,0.07,-0.001,0.744,106.4177,118.2258,97.7,567571.1,2.0852631578947367,23.717894736842105
JP,2016-02,-0.065,0.03,-0.001,0.744,107.9456,114.6155,97.8,567571.1,1.7795,22.517
JP,2016-03,-0.05,-0.003,-0.001,0.744,108.2312,112.9317,97.9,567571.1,1.8890909090909092,15.84909090909091
JP,2016-04,-0.085,-0.036,-0.042,0.694,110.089,109.5519,98.1,565641.9,1.805238095238095,14.300476190476191
JP,2016-05,-0.12,-0.059,-0.042,0.694,112.1457,108.8481,98.2,565641.9,1.8061904761904761,14.852857142857141
JP,2016-06,-0.23,-0.055,-0.042,0.694,115.6861,105.3509,98.1,565641.9,1.6440909090909093,17.774545454545457
JP,2016-07,-0.195,-0.043,-0.075,0.655,116.9722,104.191,97.9,566915.1,1.504,13.1585
JP,2016-08,-0.07,-0.043,-0.075,0.655,119.2555,101.2383,97.9,566915.1,1.556521739130435,12.399565217391304
JP,2016-09,-0.085,-0.052,-0.075,0.655,118.5301,101.7843,98.0,566915.1,1.6304761904761906,14.21952380952381
JP,2016-10,-0.05,-0.037,-0.106,0.618,117.7042,103.9075,98.6,567013.7,1.7645,14.585238095238097
JP,2016-11,0.02,-0.049,-0.106,0.618,114.64,108.443,98.6,567013.7,2.1420000000000003,15.236190476190476
JP,2016-12,0.04,-0.044,-0.106,0.618,107.7058,115.9981,98.4,567013.7,2.491904761904762,12.472380952380954
JP,2017-01,0.085,-0.045,-0.13,0.59,107.3099,114.8721,98.2,571116.7,2.4325,11.6085
JP,2017-02,0.05,-0.038,-0.13,0.59,107.8627,112.9116,98.1,571116.7,2.4189473684210525,11.530526315789475
JP,2017-03,0.065,-0.042,-0.13,0.59,107.9917,112.9165,98.1,571116.7,2.4817391304347827,11.89782608695652
JP,2017-04,0.015,-0.054,-0.155,0.561,110.9293,110.091,98.5,572963.9,2.2973684210526315,13.136315789473684
JP,2017-05,0.04,-0.053,-0.155,0.561,108.4023,112.2436,98.6,572963.9,2.3036363636363637,10.862272727272726
JP,2017-06,0.075,-0.056,-0.155,0.561,108.7828,110.9141,98.5,572963.9,2.186818181818182,10.513636363636364
JP,2017-07,0.075,-0.054,-0.194,0.512,106.2075,112.417,98.3,579488.8,2.318,10.2645
JP,2017-08,0.01,-0.049,-0.194,0.512,107.5996,109.827,98.5,579488.8,2.2091304347826086,11.975652173913044
JP,2017-09,0.06,-0.058,-0.194,0.512,105.9721,110.776,98.8,579488.8,2.202,10.437999999999999
JP,2017-10,0.065,-0.037,-0.234,0.464,104.625,112.9148,98.8,580409.7,2.3600000000000003,10.125454545454545
JP,2017-11,0.035,-0.048,-0.234,0.464,104.9737,112.819,99.1,580409.7,2.3533333333333335,10.54047619047619
JP,2017-12,0.045,-0.042,-0.234,0.464,104.4833,112.9405,99.4,580409.7,2.4025,10.2645
JP,2018-01,0.08,-0.04,-0.268,0.422,103.6569,110.871,99.5,579480.1,2.583809523809524,11.062380952380952
JP,2018-02,0.045,-0.042,-0.268,0.422,105.4742,107.97,99.5,579480.1,2.8589473684210525,22.464736842105264
JP,2018-03,0.045,-0.062,-0.268,0.422,107.5437,106.0468,99.2,579480.1,2.8423809523809522,19.023809523809526
JP,2018-04,0.05,-0.063,-0.302,0.381,105.9678,107.6562,99.1,583138.6,2.869047619047619,18.267619047619046
JP,2018-05,0.03,-0.061,-0.302,0.381,105.6981,109.6882,99.3,583138.6,2.977727272727273,14.124545454545455
JP,2018-06,0.03,-0.071,-0.302,0.381,106.2753,110.0638,99.2,583138.6,2.9123809523809525,13.678095238095239
JP,2018-07,0.06,-0.07,-0.322,0.357,106.3752,111.521,99.2,580294.8,2.889047619047619,13.147619047619049
JP,2018-08,0.11,-0.059,-0.322,0.357,108.2198,110.9965,99.8,580294.8,2.889130434782609,12.54695652173913
JP,2018-09,0.125,-0.058,-0.322,0.357,107.4503,112.0974,99.9,580294.8,3.004210526315789,12.910526315789474
JP,2018-10,0.13,-0.06,-0.342,0.333,107.3656,112.7218,100.2,580723.8,3.152272727272727,19.35217391304348
JP,2018-11,0.085,-0.071,-0.342,0.333,106.95,113.338,100.0,580723.8,3.117,19.38904761904762
JP,2018-12,-0.01,-0.068,-0.342,0.333,107.5747,112.1994,99.7,580723.8,2.8326315789473684,24.953157894736844
JP,2019-01,0.0,-0.064,-0.36,0.311,109.7114,108.9605,99.7,581427.0,2.713809523809524,19.57238095238095
JP,2019-02,-0.015,-0.055,-0.36,0.311,107.5766,110.44,99.7,581427.0,2.6763157894736844,15.234736842105262
JP,2019-03,-0.095,-0.041,-0.36,0.311,106.867,111.1443,99.7,581427.0,2.570952380952381,14.485238095238095
JP,2019-04,-0.045,-0.067,-0.378,0.29,106.5543,111.6414,100.0,583715.5,2.532380952380952,12.949047619047619
JP,2019-05,-0.095,-0.049,-0.378,0.29,109.2459,109.9714,100.0,583715.5,2.395,16.721818181818183
JP,2019-06,-0.165,-0.062,-0.378,0.29,110.8209,108.0685,99.8,583715.5,2.074,15.836000000000002
JP,2019-07,-0.16,-0.071,-0.386,0.281,110.0344,108.2864,99.8,584012.0,2.059090909090909,13.305909090909092
JP,2019-08,-0.28,-0.045,-0.386,0.281,113.8997,106.1886,100.0,584012.0,1.6263636363636365,18.97909090909091
JP,2019-09,-0.215,-0.059,-0.386,0.281,112.6632,107.54,100.1,584012.0,1.6995,15.559000000000001
JP,2019-10,-0.15,-0.021,-0.394,0.273,111.4958,108.1368,100.4,567236.4,1.7068181818181818,15.466521739130435
JP,2019-11,-0.08,-0.043,-0.394,0.273,110.3396,108.8579,100.5,567236.4,1.8121052631578947,12.5235
JP,2019-12,-0.025,-0.038,-0.394,0.273,109.4216,109.101,100.5,567236.4,1.8628571428571428,13.756666666666666
JP,2020-01,-0.065,-0.032,-0.397,0.272,108.131,109.2667,100.5,569381.6,1.7576190476190479,13.94095238095238
JP,2020-02,-0.155,-0.016,-0.397,0.272,108.366,110.0295,100.3,569381.6,1.5042105263157897,19.628947368421052
JP,2020-03,0.005,-0.047,-0.397,0.272,113.7006,107.6673,100.3,569381.6,0.87,57.73681818181819
JP,2020-04,-0.04,-0.036,-0.4,0.27,115.0491,107.7386,100.2,528237.8,0.6576190476190477,41.453809523809525
JP,2020-05,0.0,-0.047,-0.4,0.27,115.1624,107.2,100.1,528237.8,0.674,30.897000000000002
JP,2020-06,0.03,-0.048,-0.4,0.27,112.1886,107.5782,99.9,528237.8,0.7286363636363636,31.119545454545456
JP,2020-07,0.01,-0.028,-0.409,0.26,111.9833,106.6818,100.0,554602.0,0.6236363636363637,26.840454545454545
JP,2020-08,0.045,-0.035,-0.409,0.26,111.2795,106.0129,100.1,554602.0,0.65,22.88952380952381
JP,2020-09,0.015,-0.054,-0.409,0.26,110.8954,105.589,99.9,554602.0,0.6795238095238095,27.64761904761905
JP,2020-10,0.04,-0.02,-0.42,0.248,110.6886,105.2095,99.8,563861.9,0.7871428571428571,29.438636363636363
JP,2020-11,0.03,-0.032,-0.42,0.248,109.9101,104.4061,99.5,563861.9,0.8700000000000001,24.9955
JP,2020-12,0.02,-0.026,-0.42,0.248,108.3674,103.7952,99.3,563861.9,0.9336363636363636,22.37409090909091
JP,2021-01,0.055,-0.017,-0.418,0.256,107.7961,103.7883,99.8,569893.2,1.0810526315789473,24.91
JP,2021-02,0.15,-0.016,-0.418,0.256,105.695,105.3774,99.8,569893.2,1.2578947368421052,23.140526315789476
JP,2021-03,0.12,-0.017,-0.418,0.256,103.5196,108.6991,99.9,569893.2,1.6108695652173912,21.84304347826087
JP,2021-04,0.09,-0.012,-0.416,0.262,102.0025,109.0445,99.1,574012.4,1.635,17.416190476190476
JP,2021-05,0.08,-0.017,-0.416,0.262,101.1435,109.112,99.4,574012.4,1.621,19.7605
JP,2021-06,0.05,-0.029,-0.416,0.262,100.3761,110.1073,99.5,574012.4,1.5190909090909093,16.956818181818182
JP,2021-07,0.015,-0.036,-0.396,0.293,101.4239,110.2143,99.7,573159.6,1.3185714285714287,17.603333333333335
JP,2021-08,0.02,-0.034,-0.396,0.293,102.0777,109.8527,99.7,573159.6,1.2831818181818182,17.472727272727273
JP,2021-09,0.065,-0.022,-0.396,0.293,101.5123,110.161,100.1,573159.6,1.3747619047619049,19.824761904761903
JP,2021-10,0.095,-0.027,-0.375,0.323,98.53974,113.1215,99.9,580056.7,1.5825,17.871428571428574
JP,2021-11,0.05,-0.039,-0.375,0.323,97.9646,113.965,100.1,580056.7,1.5595,18.50047619047619
JP,2021-12,0.07,-0.026,-0.375,0.323,98.86258,113.8329,100.1,580056.7,1.4649999999999999,21.354545454545455
JP,2022-01,0.17,-0.02,-0.367,0.338,97.48115,114.8255,100.3,577909.9,1.764,23.181
JP,2022-02,0.18,-0.018,-0.367,0.338,96.87768,115.2763,100.7,577909.9,1.9342105263157894,25.748421052631578
JP,2022-03,0.21,-0.008,-0.367,0.338,94.61893,118.5774,101.1,577909.9,2.1278260869565218,26.968695652173913
JP,2022-04,0.215,-0.012,-0.359,0.352,88.69068,126.3743,101.5,583476.3,2.7475,24.3735
JP,2022-05,0.235,-0.018,-0.359,0.352,88.66605,128.8486,101.8,583476.3,2.8980952380952383,29.313636363636363
JP,2022-06,0.225,-0.038,-0.359,0.352,85.21745,133.9619,101.8,583476.3,3.1433333333333335,28.23318181818182
JP,2022-07,0.18,-0.012,-0.347,0.37,84.65863,136.709,102.3,581363.7,2.896,24.995238095238093
JP,2022-08,0.22,-0.018,-0.347,0.37,85.89684,135.2835,102.7,581363.7,2.8978260869565218,22.169565217391302
JP,2022-09,0.24,-0.049,-0.347,0.37,83.16315,143.2843,103.1,581363.7,3.5190476190476194,27.34181818181818
JP,2022-10,0.245,-0.05,-0.334,0.389,82.51669,147.0515,103.7,584031.7,3.9835000000000003,30.005714285714287
JP,2022-11,0.25,-0.067,-0.334,0.389,84.07343,142.445,103.9,584031.7,3.8909999999999996,23.29909090909091
JP,2022-12,0.41,-0.07,-0.334,0.389,87.00976,134.9148,104.1,584031.7,3.616190476190476,21.784285714285716
JP,2023-01,0.49,-0.02,-0.326,0.402,87.85443,130.4475,104.7,588270.8,3.5315,20.16904761904762
JP,2023-02,0.5,-0.019,-0.326,0.402,87.01469,133.0463,104.0,588270.8,3.7468421052631578,20.1205
JP,2023-03,0.32,-0.017,-0.326,0.402,87.36784,133.6643,104.4,588270.8,3.6630434782608696,21.644347826086957
JP,2023-04,0.385,-0.015,-0.317,0.415,87.1451,133.4745,105.1,589435.8,3.46,17.817894736842106
JP,2023-05,0.43,-0.051,-0.317,0.415,85.33688,137.0532,105.1,589435.8,3.5736363636363637,17.63608695652174
JP,2023-06,0.395,-0.066,-0.317,0.415,83.66072,141.3581,105.2,589435.8,3.7480952380952384,14.003181818181817
JP,2023-07,0.595,-0.046,-0.321,0.412,83.55798,140.936,105.7,581302.9,3.8994999999999997,13.932380952380951
JP,2023-08,0.64,-0.064,-0.321,0.412,82.63842,144.7804,105.9,581302.9,4.167826086956522,15.85391304347826
JP,2023-09,0.765,-0.054,-0.321,0.412,81.7737,147.845,106.2,581302.9,4.379,15.173333333333332
JP,2023-10,0.95,-0.02,-0.323,0.41,81.4317,149.5933,107.1,584422.1,4.798095238095239,18.887727272727272
JP,2023-11,0.66,-0.015,-0.323,0.41,80.20958,149.679,106.9,584422.1,4.502857142857143,14.01909090909091
JP,2023-12,0.62,-0.012,-0.323,0.41,82.59489,143.9815,106.8,584422.1,4.0200000000000005,12.7185
JP,2024-01,0.73,-0.014,-0.321,0.413,81.7238,146.2943,106.9,581037.4,4.058095238095238,13.388636363636364
JP,2024-02,0.71,-0.006,-0.321,0.413,80.09418,149.615,106.9,581037.4,4.2075000000000005,13.980476190476189
JP,2024-03,0.725,0.022,-0.321,0.413,80.15607,149.8186,107.2,581037.4,4.2085,13.7875
JP,2024-04,0.87,0.077,-0.317,0.418,78.82983,153.89,107.7,582077.8,4.539090909090909,16.137727272727275
JP,2024-05,1.07,0.077,-0.317,0.418,77.35504,155.8691,108.1,582077.8,4.482272727272727,13.058695652173913
JP,2024-06,1.05,0.077,-0.317,0.418,76.87624,157.86,108.2,582077.8,4.3052631578947365,12.667
JP,2024-07,1.045,0.078,-0.312,0.424,76.73026,157.5182,108.6,586002.8,4.248636363636364,14.373913043478263
JP,2024-08,0.89,0.227,-0.312,0.424,81.77666,146.2641,109.1,586002.8,3.8709090909090906,19.312272727272727
JP,2024-09,0.855,0.227,-0.312,0.424,82.81463,142.954,108.9,586002.8,3.7235,17.663333333333334
JP,2024-10,0.935,0.227,-0.308,0.431,80.03289,149.8909,109.5,588777.0,4.095454545454545,19.960869565217394
JP,2024-11,1.05,0.227,-0.308,0.431,79.6123,153.7126,110.0,588777.0,4.35578947368421,16.015238095238097
JP,2024-12,1.09,0.227,-0.308,0.431,80.65037,153.8143,110.7,588777.0,4.3914285714285715,15.866190476190477
JP,2025-01,1.245,0.293,-0.294,0.449,79.58533,156.4819,111.2,590300.0,4.629047619047618,16.763636363636365
JP,2025-02,1.37,0.478,-0.294,0.449,81.61958,151.5716,110.8,590300.0,4.451052631578947,16.968
JP,2025-03,1.485,0.477,-0.294,0.449,82.70251,149.0576,111.1,590300.0,4.2804761904761905,21.841428571428573
JP,2025-04,1.31,0.477,-0.28,0.467,85.1958,144.1286,111.5,593319.3,4.279047619047619,31.966190476190473
JP,2025-05,1.5,0.477,-0.28,0.467,83.54424,144.8762,,593319.3,4.423809523809524,20.46227272727273
JP,2025-06,1.42,0.477,-0.28,0.467,83.04999,144.4835,,593319.3,4.3835,18.403333333333336
JP,2025-07,1.545,0.478,-0.27,0.481,81.28768,147.2014,,589417.7,4.391818181818182,16.381304347826084
JP,2025-08,1.6,0.477,-0.27,0.481,81.25476,147.4786,,589417.7,4.2647619047619045,15.75
JP,2025-09,1.645,0.477,-0.27,0.481,80.85533,147.8629,,589417.7,4.12047619047619,15.789090909090909
JP,2025-10,1.655,0.477,-0.258,0.497,79.29526,151.3545,,589727.6,4.0618181818181816,18.086521739130436
JP,2025-11,1.805,0.478,-0.258,0.497,77.64572,155.1411,,589727.6,4.0938888888888885,19.7695
JP,2025-12,2.06,0.557,-0.258,0.497,76.6294,155.915,,589727.6,4.1431818181818185,15.548181818181819
JP,2026-01,2.24,0.728,,,75.62581,156.6505,,,4.2135,16.17904761904762
JP,2026-02,,,,,,,,,4.12578947368421,19.207
JP,2026-03,,,,,,,,,4.05,22.505000000000003
